"County","Sector","2015","2014","2013","2012","2011","2010","2009","2008","2007","2006","2005","2004","2003","2002","2001","2000","1999","1998","1997","1996","1995","1994","1993","1992","1991","1990","Total Usage"
"ALAMEDA","Non-Residential","    7290.915618","    7411.769032","    7630.231361","    7582.603472","    7945.485915","    7691.106668","    7334.450495","    8175.797532","    8761.939324","    8061.906141","    8039.253461","    7771.920626","    7662.683064","    7613.417252","    7443.371048","    7736.060574","    6709.315006","    7306.173891","    7823.244481","    7769.025061","    7309.930938","    6668.237122","    7260.776432","    6822.523242","    6809.573768","    7109.299895","  195741.011419"
"ALAMEDA","Residential","    2954.751488","    2880.648336","    2980.359907","    2998.149531","    3024.871994","    3022.114523","    3017.303877","    2996.844034","    2972.464956","    3118.801454","    3025.647753","    2898.133301","    2937.259958","    2811.681500","    2745.227931","    2926.120097","    2860.076530","    2791.335785","    2674.834394","    2615.308775","    2548.457958","    2774.566317","    2529.229286","    2465.000074","    2515.209970","    2498.265626","   73582.665355"
"ALAMEDA","Total","   10245.667106","   10292.417368","   10610.591267","   10580.753003","   10970.357910","   10713.221191","   10351.754372","   11172.641567","   11734.404279","   11180.707595","   11064.901214","   10670.053927","   10599.943022","   10425.098751","   10188.598978","   10662.180672","    9569.391535","   10097.509677","   10498.078875","   10384.333836","    9858.388895","    9442.803439","    9790.005719","    9287.523316","    9324.783738","    9607.565521","  269323.676773"
"ALPINE","Non-Residential","       4.333812","       4.013337","       4.754857","       4.591009","       5.200214","       5.203789","       5.234789","       9.368614","      10.685739","       9.377073","       9.132023","       9.431229","       5.112883","       4.671739","       5.081493","       5.159971","       4.152735","       4.885729","       4.468048","       4.384382","       4.296693","       4.382027","       4.485710","       4.224083","       3.906455","       3.581764","     144.120197"
"ALPINE","Residential","      11.906812","      11.963108","      13.418712","       9.296515","       9.092831","      12.451962","      13.029405","       8.899778","       9.326645","       9.537211","       8.090874","       8.996372","       6.352394","       6.720953","       6.858448","       6.247035","       6.560580","       6.792008","       6.373298","       6.063832","       6.231561","       6.183168","       6.812776","       5.808735","       6.165242","       6.036978","     215.217233"
"ALPINE","Total","      16.240624","      15.976446","      18.173569","      13.887524","      14.293045","      17.655751","      18.264193","      18.268392","      20.012384","      18.914285","      17.222897","      18.427601","      11.465277","      11.392691","      11.939940","      11.407006","      10.713315","      11.677737","      10.841346","      10.448214","      10.528255","      10.565195","      11.298486","      10.032819","      10.071697","       9.618742","     359.337431"
"AMADOR","Non-Residential","     151.493966","     155.229698","     171.137031","     180.927522","     170.049214","     175.756048","     184.063316","     188.042378","     184.948596","     172.094898","     160.679926","     165.146165","     142.224324","     135.656632","     184.203753","     234.771988","     188.709807","     204.587930","     202.181877","     215.523316","     250.506536","     240.422295","     243.241198","     229.456968","     229.735421","     210.835640","    4971.626443"
"AMADOR","Residential","     135.730917","     134.172967","     139.245432","     140.977034","     140.210650","     139.932211","     142.929679","     144.139820","     142.646633","     142.574686","     134.445972","     135.701319","     129.202942","     126.469248","     121.406336","     127.238094","     123.211756","     123.223311","     114.815322","     115.017917","     110.744724","     110.372675","     109.035503","     105.907059","     108.875556","     105.093388","    3303.321151"
"AMADOR","Total","     287.224884","     289.402665","     310.382463","     321.904556","     310.259864","     315.688259","     326.992995","     332.182198","     327.595229","     314.669584","     295.125898","     300.847484","     271.427266","     262.125881","     305.610089","     362.010082","     311.921563","     327.811242","     316.997198","     330.541233","     361.251260","     350.794970","     352.276701","     335.364027","     338.610978","     315.929028","    8274.947597"
"BUTTE","Non-Residential","     769.680076","     769.168351","     771.249936","     766.973380","     707.424163","     697.561154","     715.085215","     742.097896","     797.155835","     717.357748","     670.997245","     688.072188","     665.862309","     710.548590","     643.681863","     858.737526","     643.562755","     675.230084","     944.057618","     776.793460","     721.017567","     962.960481","     694.270068","     728.857099","     754.417745","     853.894130","   19446.714482"
"BUTTE","Residential","     730.693494","     718.322342","     729.966407","     739.591788","     726.678599","     719.784286","     732.359130","     724.577885","     715.364366","     708.765303","     686.121658","     689.890693","     658.729732","     638.693124","     604.708272","     705.766172","     622.306440","     616.782127","     597.449897","     594.667475","     559.101202","     556.276390","     551.043168","     555.149304","     553.073852","     547.901570","   16983.764676"
"BUTTE","Total","    1500.373570","    1487.490692","    1501.216343","    1506.565168","    1434.102763","    1417.345439","    1447.444345","    1466.675782","    1512.520202","    1426.123052","    1357.118903","    1377.962880","    1324.592041","    1349.241715","    1248.390135","    1564.503698","    1265.869195","    1292.012211","    1541.507515","    1371.460934","    1280.118768","    1519.236871","    1245.313236","    1284.006403","    1307.491598","    1401.795701","   36430.479160"
"CALAVERAS","Non-Residential","     118.786132","     126.075835","     125.826206","     123.952120","     124.512422","     116.773791","     121.137110","     119.252937","     122.206041","     123.237184","     119.924964","      99.106324","      94.787967","      97.365030","      86.515141","      81.848138","      70.813264","      77.131751","      76.243264","      69.294418","      65.145714","      86.719368","     101.921925","     107.287440","     108.402558","     105.650088","    2669.917132"
"CALAVERAS","Residential","     195.578184","     191.973350","     199.657934","     201.647941","     200.722563","     198.268515","     202.139220","     200.788639","     200.021338","     195.113238","     187.965981","     189.260095","     177.250117","     175.355187","     168.844090","     173.578409","     168.994290","     167.369960","     157.714415","     153.829455","     148.585115","     146.123388","     145.291775","     140.066797","     143.201069","     138.299372","    4567.640437"
"CALAVERAS","Total","     314.364316","     318.049185","     325.484140","     325.600062","     325.234985","     315.042306","     323.276329","     320.041576","     322.227379","     318.350422","     307.890946","     288.366419","     272.038084","     272.720217","     255.359232","     255.426547","     239.807554","     244.501711","     233.957679","     223.123873","     213.730829","     232.842757","     247.213700","     247.354237","     251.603627","     243.949460","    7237.557572"
"COLUSA","Non-Residential","     241.932237","     240.841429","     234.297320","     214.108194","     207.207221","     193.213643","     200.115658","     193.107061","     186.487504","     183.224933","     184.719636","     175.423030","     163.501641","     198.647619","     196.950031","     184.207127","     159.424502","     152.859300","     160.209239","     151.239858","     144.016009","     154.017770","     145.180261","     145.705115","     143.530792","     145.044750","    4699.211880"
"COLUSA","Residential","      65.739521","      64.558950","      64.720427","      65.636877","      64.386941","      63.431841","      65.593966","      64.252561","      64.192500","      65.002369","      63.476683","      59.632212","      58.222341","      54.712903","      53.398152","      56.692548","      54.374055","      54.668465","      54.037338","      53.461666","      50.557113","      50.078667","      49.733609","      50.535778","      50.731018","      50.598114","    1512.426615"
"COLUSA","Total","     307.671758","     305.400379","     299.017747","     279.745070","     271.594163","     256.645484","     265.709624","     257.359623","     250.680004","     248.227302","     248.196319","     235.055243","     221.723982","     253.360522","     250.348184","     240.899676","     213.798557","     207.527765","     214.246577","     204.701523","     194.573122","     204.096438","     194.913870","     196.240893","     194.261811","     195.642863","    6211.638499"
"CONTRA COSTA","Non-Residential","    6593.498885","    6869.036956","    6401.541654","    6322.658952","    6340.310721","    6368.694200","    6293.697914","    6560.707439","    5852.313772","    5927.838440","    5837.362891","    5884.936477","    5704.276400","    5547.854969","    5858.828804","    5987.510626","    5922.035019","    6290.524214","    6966.512586","    6747.460390","    6841.034944","    6769.255690","    6651.078676","    6306.654200","    6346.411603","    6521.032055","  163713.068477"
"CONTRA COSTA","Residential","    2797.494760","    2727.638654","    2766.718837","    2769.230313","    2752.958739","    2735.658986","    2789.800042","    2786.777793","    2739.719313","    2746.184129","    2662.523250","    2650.380864","    2540.375507","    2484.908181","    2371.331869","    2637.012578","    2466.917846","    2447.753081","    2341.163070","    2316.045847","    2177.154476","    2137.669934","    2167.951542","    2094.083360","    2073.815256","    2074.798616","   65256.066843"
"CONTRA COSTA","Total","    9390.993645","    9596.675610","    9168.260491","    9091.889265","    9093.269461","    9104.353186","    9083.497956","    9347.485232","    8592.033084","    8674.022568","    8499.886141","    8535.317341","    8244.651907","    8032.763150","    8230.160673","    8624.523204","    8388.952865","    8738.277295","    9307.675656","    9063.506237","    9018.189420","    8906.925624","    8819.030219","    8400.737561","    8420.226858","    8595.830671","  228969.135320"
"DEL NORTE","Non-Residential","      95.084433","      92.636764","      99.007282","      99.874810","     105.713202","     108.102033","     108.363909","     113.254197","     121.662221","     108.669652","     106.892357","     112.771936","      98.687201","     100.219477","     105.214511","     122.873881","     109.232731","     107.553034","     105.919114","     107.879753","     102.987081","     103.611343","     105.320957","     105.410068","     106.598321","     101.667808","    2755.208076"
"DEL NORTE","Residential","     116.039207","     110.032042","     126.485128","     127.709649","     132.159429","     133.494780","     132.948836","     136.508596","     133.579670","     127.833022","     122.831577","     121.909010","     121.608702","     117.067626","     114.904332","     113.613677","     112.136921","     110.065812","     107.696817","     139.830574","     106.566610","     110.776041","     116.229421","     106.383258","     104.812778","      90.982237","    3094.205752"
"DEL NORTE","Total","     211.123640","     202.668806","     225.492410","     227.584459","     237.872631","     241.596812","     241.312745","     249.762793","     255.241891","     236.502674","     229.723934","     234.680946","     220.295903","     217.287103","     220.118843","     236.487557","     221.369652","     217.618846","     213.615931","     247.710327","     209.553691","     214.387384","     221.550379","     211.793326","     211.411099","     192.650044","    5849.413826"
"EL DORADO","Non-Residential","     448.049228","     471.162845","     487.431796","     489.961173","     480.793584","     476.570951","     498.177835","     514.861884","     514.803871","     519.531014","     475.157304","     442.116187","     419.717806","     458.928107","     478.336821","     474.338387","     403.798144","     438.555331","     423.822846","     422.535900","     398.007576","     369.031987","     369.163780","     363.447253","     342.454657","     352.182173","   11532.938440"
"EL DORADO","Residential","     735.753277","     720.282618","     756.488582","     765.396540","     763.368649","     764.059072","     770.742822","     771.923087","     760.942287","     760.388039","     732.166527","     723.441580","     689.564343","     665.949060","     635.372506","     659.096517","     639.520156","     634.836362","     591.638586","     576.954082","     558.651068","     548.553618","     550.149822","     529.892679","     539.328355","     524.585004","   17369.045238"
"EL DORADO","Total","    1183.802506","    1191.445463","    1243.920378","    1255.357713","    1244.162233","    1240.630023","    1268.920657","    1286.784971","    1275.746158","    1279.919053","    1207.323831","    1165.557767","    1109.282148","    1124.877168","    1113.709327","    1133.434904","    1043.318300","    1073.391692","    1015.461433","     999.489981","     956.658644","     917.585605","     919.313603","     893.339931","     881.783012","     876.767177","   28901.983678"
"FRESNO","Non-Residential","    4958.371346","    4984.196319","    4821.212914","    4674.392308","    4290.611685","    4352.655152","    4457.050492","    4564.992325","    4583.621201","    4022.085056","    3966.086528","    4212.548650","    3977.363014","    4204.094925","    4107.525754","    4114.439441","    3392.920900","    3647.841613","    3841.740273","    3657.816323","    3540.037513","    3675.529637","    3454.815738","    3662.958348","    3431.774323","    3257.075644","  105853.757422"
"FRESNO","Residential","    2728.919096","    2693.435681","    2690.334572","    2707.635597","    2592.961186","    2548.597268","    2617.918456","    2553.121710","    2523.460769","    2490.824983","    2377.581940","    2351.542830","    2299.343549","    2157.196519","    2082.567972","    2280.807065","    2085.695031","    2053.585383","    2033.819526","    2015.179260","    1895.082375","    1874.339769","    1832.378756","    1865.168616","    1840.839026","    1785.877540","   58978.214475"
"FRESNO","Total","    7687.290442","    7677.632000","    7511.547485","    7382.027905","    6883.572871","    6901.252420","    7074.968948","    7118.114035","    7107.081970","    6512.910039","    6343.668468","    6564.091480","    6276.706563","    6361.291444","    6190.093726","    6395.246506","    5478.615931","    5701.426996","    5875.559798","    5672.995583","    5435.119888","    5549.869406","    5287.194494","    5528.126964","    5272.613349","    5042.953184","  164831.971895"
"GLENN","Non-Residential","     292.694868","     292.714032","     258.743943","     214.004783","     203.347599","     206.313004","     211.195769","     237.650530","     260.608490","     288.622544","     271.772011","     329.805802","     271.842726","     401.663116","     305.576004","     275.703534","     249.645812","     266.001717","     287.313489","     257.774030","     285.279977","     225.332979","     219.644395","     221.887668","     220.841250","     325.951850","    6881.931922"
"GLENN","Residential","      92.593195","      91.346984","      92.809578","      93.759058","      91.869869","      91.108182","      93.564217","      92.113824","      91.026008","      91.707986","      89.340351","      87.466814","      85.006112","      83.136313","      79.871763","      85.039992","      83.094313","      82.054410","      80.814743","      81.231995","      77.634517","      77.620997","      76.907618","      78.464810","      79.317239","      78.498601","    2227.399489"
"GLENN","Total","     385.288063","     384.061016","     351.553521","     307.763841","     295.217468","     297.421185","     304.759986","     329.764355","     351.634498","     380.330529","     361.112361","     417.272615","     356.848838","     484.799429","     385.447767","     360.743525","     332.740124","     348.056127","     368.128232","     339.006026","     362.914494","     302.953975","     296.552012","     300.352478","     300.158489","     404.450451","    9109.331405"
"HUMBOLDT","Non-Residential","     431.270309","     445.909803","     450.082624","     434.844749","     439.830070","     448.589008","     446.001959","     570.947569","     629.248723","     641.748511","     602.266594","     623.608899","     602.117424","     648.368612","     668.768756","     828.511048","     747.226360","     817.112811","     753.042136","     772.484699","     818.834965","     812.165610","     762.851136","     734.600335","     758.348590","     731.030954","   16619.812254"
"HUMBOLDT","Residential","     398.373422","     394.023175","     441.062652","     465.526229","     476.205940","     478.940630","     462.053541","     440.327250","     416.862809","     380.951425","     359.086993","     337.982138","     315.507255","     308.845124","     296.911963","     310.708775","     307.497985","     294.940634","     287.670931","     279.051340","     282.061741","     273.032342","     278.614872","     269.871863","     277.481786","     276.637302","    9110.230117"
"HUMBOLDT","Total","     829.643731","     839.932978","     891.145276","     900.370978","     916.036009","     927.529638","     908.055500","    1011.274819","    1046.111532","    1022.699935","     961.353587","     961.591037","     917.624679","     957.213736","     965.680719","    1139.219822","    1054.724344","    1112.053444","    1040.713067","    1051.536039","    1100.896706","    1085.197952","    1041.466008","    1004.472197","    1035.830376","    1007.668256","   25730.042365"
"IMPERIAL","Non-Residential","     812.105057","     912.673807","     927.613737","     934.636599","     921.793697","     901.441073","     919.406310","     968.229559","     884.700156","     883.484790","     990.515544","     902.086417","     892.277292","     797.770345","     862.099948","     687.053328","     556.498286","     616.290913","     810.547526","     819.662219","     810.647418","     794.829954","     763.817976","     686.739407","     644.296614","     640.938293","   21342.156265"
"IMPERIAL","Residential","     591.192316","     545.010104","     536.872089","     545.087322","     518.295112","     501.741546","     517.651423","     503.865983","     522.305936","     511.409092","     520.689618","     532.877758","     485.155762","     488.375898","     499.078446","     401.067048","     403.552586","     367.229815","     350.996039","     330.261908","     304.076615","     310.161299","      67.399539","      67.375904","      77.573168","     136.984365","   10636.286691"
"IMPERIAL","Total","    1403.297372","    1457.683911","    1464.485826","    1479.723922","    1440.088810","    1403.182619","    1437.057733","    1472.095543","    1407.006092","    1394.893882","    1511.205162","    1434.964175","    1377.433054","    1286.146243","    1361.178393","    1088.120376","     960.050872","     983.520728","    1161.543564","    1149.924127","    1114.724033","    1104.991253","     831.217514","     754.115311","     721.869782","     777.922658","   31978.442955"
"INYO","Non-Residential","     108.351732","     154.001837","     173.009172","     179.582711","     179.923484","     172.168840","     173.130685","     156.044228","     159.547632","     166.417681","     165.692046","     175.853978","     165.563484","     174.035910","     172.518465","     179.985939","      65.491103","      60.115457","      60.496685","      58.761216","      54.044894","      49.959156","      46.434196","      45.375623","      50.120816","      57.256892","    3203.883862"
"INYO","Residential","      45.943262","      60.948174","      60.275490","      60.893717","      57.696261","      57.636539","      58.233820","      54.851280","      56.797437","      52.928638","      56.395948","      57.015547","      49.435341","      49.334046","      48.276936","      50.570005","      32.928249","      33.778605","      32.764011","      32.911372","      31.733539","      32.704783","      32.482845","      32.188117","      32.581660","      32.221356","    1203.526978"
"INYO","Total","     154.294995","     214.950011","     233.284662","     240.476428","     237.619745","     229.805379","     231.364505","     210.895508","     216.345068","     219.346319","     222.087994","     232.869525","     214.998826","     223.369955","     220.795401","     230.555944","      98.419352","      93.894062","      93.260696","      91.672588","      85.778432","      82.663938","      78.917041","      77.563740","      82.702477","      89.478248","    4407.410839"
"KERN","Non-Residential","   12775.108683","   10890.226040","   12748.310676","   14413.961505","   13803.320394","   12852.927410","   12264.038075","   13296.723568","   15147.556473","   14395.558338","   12972.505602","   14660.845622","   13089.931888","   12603.572270","   11066.912423","    9719.778231","    8926.728080","    7902.544276","    9834.306829","    9090.895241","    7834.359024","    9423.064751","    8472.601698","    9161.737607","    9020.578232","   12082.611166","  298450.704102"
"KERN","Residential","    2296.087006","    2299.052580","    2273.430030","    2276.871939","    2143.062323","    2096.981974","    2172.600173","    2147.784604","    2092.165150","    2053.016748","    1973.200499","    1865.726974","    1832.104527","    1677.622928","    1635.059071","    1714.099525","    1591.247347","    1558.248491","    1551.094451","    1546.441563","    1450.188794","    1452.922764","    1422.316371","    1459.067510","    1431.212946","    1377.497276","   47389.103564"
"KERN","Total","   15071.195688","   13189.278620","   15021.740706","   16690.833444","   15946.382717","   14949.909384","   14436.638248","   15444.508172","   17239.721623","   16448.575086","   14945.706101","   16526.572596","   14922.036414","   14281.195198","   12701.971493","   11433.877756","   10517.975427","    9460.792767","   11385.401280","   10637.336804","    9284.547817","   10875.987515","    9894.918069","   10620.805116","   10451.791178","   13460.108442","  345839.807661"
"KINGS","Non-Residential","    1406.954155","    1435.159388","    1415.767464","    1313.191473","    1068.868686","    1104.088237","    1220.585827","    1136.742499","    1076.639527","    1031.798706","     984.737243","    1008.941497","     763.561894","     688.776233","     640.814277","     643.209937","     608.380600","     679.343930","     731.746107","     690.887686","     662.551733","     769.032434","     657.159263","     787.960918","     785.165653","     739.232692","   24051.298059"
"KINGS","Residential","     362.842156","     376.647647","     371.572778","     369.357190","     354.827137","     348.930697","     365.048593","     358.961509","     346.835444","     355.582529","     330.211577","     326.274895","     313.895924","     291.759892","     283.642465","     291.393185","     270.418298","     265.439403","     265.212348","     261.264399","     243.132359","     241.366747","     232.703312","     233.932851","     231.619948","     224.178059","    7917.051342"
"KINGS","Total","    1769.796311","    1811.807036","    1787.340242","    1682.548663","    1423.695822","    1453.018933","    1585.634420","    1495.704008","    1423.474970","    1387.381235","    1314.948820","    1335.216392","    1077.457818","     980.536126","     924.456742","     934.603122","     878.798899","     944.783333","     996.958456","     952.152085","     905.684092","    1010.399181","     889.862575","    1021.893769","    1016.785601","     963.410751","   31968.349402"
"LAKE","Non-Residential","     153.735264","     156.505106","     167.890341","     164.297914","     161.111468","     159.984412","     163.823168","     171.015459","     169.713798","     384.037497","     365.074575","     286.973017","     291.992676","     217.758019","     209.272364","     180.259926","     145.230233","     158.988644","     148.937179","     171.257726","     247.448888","     245.169344","     236.455026","     251.022780","     250.992468","     236.340739","    5495.288031"
"LAKE","Residential","     282.257060","     284.225663","     301.919087","     302.163626","     298.390561","     294.608438","     289.438621","     284.826397","     275.171896","     269.187943","     259.195956","     256.998921","     243.797814","     244.762362","     237.520860","     243.300851","     240.399685","     238.969742","     221.693369","     226.495337","     215.371804","     220.759978","     222.324330","     215.200739","     222.194828","     215.462829","    6606.638697"
"LAKE","Total","     435.992324","     440.730769","     469.809428","     466.461540","     459.502029","     454.592849","     453.261789","     455.841856","     444.885694","     653.225440","     624.270531","     543.971938","     535.790490","     462.520381","     446.793224","     423.560777","     385.629918","     397.958386","     370.630548","     397.753063","     462.820692","     465.929322","     458.779355","     466.223519","     473.187296","     451.803569","   12101.926727"
"LASSEN","Non-Residential","     305.799135","     337.848013","     321.656070","     308.017166","     298.081353","     281.106841","     285.805885","     157.543524","     149.038617","     184.401874","     184.685297","     189.128716","     162.227310","     159.274479","     161.797258","     135.133659","     132.504384","     124.908044","     129.457224","     128.569178","     102.402482","     115.048709","      73.210790","      78.849461","      99.889135","      96.656060","    4703.040664"
"LASSEN","Residential","      94.861903","      94.117826","     104.315298","     102.205043","     103.618099","     104.810373","     106.518163","     107.031807","     104.111273","     106.144617","     105.254849","     102.440584","      99.290481","      97.276737","      94.630059","     103.681384","     101.968471","     101.049647","      97.219052","      95.941076","      94.504263","      95.123652","      75.845378","      71.091236","      93.796861","      87.300980","    2544.149112"
"LASSEN","Total","     400.661038","     431.965839","     425.971368","     410.222209","     401.699452","     385.917214","     392.324047","     264.575332","     253.149890","     290.546491","     289.940146","     291.569300","     261.517791","     256.551216","     256.427317","     238.815043","     234.472856","     225.957692","     226.676276","     224.510254","     196.906744","     210.172361","     149.056168","     149.940696","     193.685996","     183.957040","    7247.189776"
"LOS ANGELES","Non-Residential","   49295.556862","   49176.133066","   47740.913438","   48082.906022","   48049.246087","   48502.437285","   49328.025336","   50933.206248","   50690.577974","   50532.080061","   50259.027330","   49686.256510","   49448.370628","   49791.304621","   51779.381085","   50550.076923","   43843.623940","   48058.583902","   48283.623610","   47856.750021","   45640.464246","   46714.161197","   46439.952047","   46894.399047","   46402.250263","   47785.455965"," 1261764.763714"
"LOS ANGELES","Residential","   20233.462080","   20755.517681","   20623.139912","   21080.158393","   20067.880782","   19724.479774","   20593.079556","   21117.094750","   20536.441974","   20377.309381","   19711.287028","   19507.344061","   19056.371105","   17917.541371","   18212.628296","   18891.667196","   17525.531297","   17235.208587","   17578.672109","   16322.056790","   16823.635934","   16065.583395","   15759.083038","   16377.794989","   16310.884065","   16960.720058","  485364.573602"
"LOS ANGELES","Total","   69529.018942","   69931.650746","   68364.053350","   69163.064415","   68117.126869","   68226.917059","   69921.104893","   72050.300997","   71227.019948","   70909.389443","   69970.314358","   69193.600571","   68504.741733","   67708.845992","   69992.009380","   69441.744120","   61369.155237","   65293.792488","   65862.295719","   64178.806811","   62464.100181","   62779.744592","   62199.035085","   63272.194036","   62713.134329","   64746.176022"," 1747129.337316"
"MADERA","Non-Residential","    1236.939873","    1237.136405","    1149.804782","    1100.774047","     971.033827","     969.096100","    1018.719879","    1009.027314","     963.518692","     790.054142","     769.231889","     816.754552","     732.605027","     792.938148","     781.519181","     770.836849","     658.231253","     708.268555","     759.050317","     727.825825","     683.532230","     738.283857","     679.458503","     695.604976","     642.832938","     631.454470","   22034.533631"
"MADERA","Residential","     430.012166","     424.030498","     429.099741","     430.589517","     415.739558","     408.761898","     415.472400","     411.363115","     408.252236","     399.938623","     381.324935","     373.206994","     361.681538","     336.163443","     324.818068","     339.663850","     329.357730","     321.720668","     311.941573","     309.062289","     290.707813","     286.221168","     279.636988","     278.816591","     274.482487","     262.454632","    9234.520519"
"MADERA","Total","    1666.952039","    1661.166903","    1578.904523","    1531.363564","    1386.773385","    1377.857999","    1434.192279","    1420.390429","    1371.770928","    1189.992765","    1150.556824","    1189.961546","    1094.286565","    1129.101591","    1106.337250","    1110.500699","     987.588984","    1029.989224","    1070.991890","    1036.888114","     974.240043","    1024.505025","     959.095491","     974.421567","     917.315425","     893.909102","   31269.054154"
"MARIN","Non-Residential","     696.041909","     703.143159","     711.552659","     701.041250","     706.930083","     722.870696","     752.828556","     760.940367","     742.110766","     722.706187","     714.394629","     741.124733","     724.342282","     763.915487","     733.622717","     789.230977","     619.827111","     726.912532","     737.830002","     703.303158","     687.441333","     687.312474","     694.873997","     685.006788","     642.907839","     658.488510","   18530.700201"
"MARIN","Residential","     666.608670","     650.471151","     683.749025","     689.774269","     702.736425","     703.396692","     708.936997","     705.015444","     705.038090","     705.399831","     689.892108","     687.903297","     660.680586","     659.871010","     638.342108","     701.216630","     694.167002","     679.986138","     650.725465","     641.424276","     632.300683","     615.883459","     619.375851","     597.767275","     607.809672","     602.554328","   17301.026482"
"MARIN","Total","    1362.650579","    1353.614310","    1395.301683","    1390.815518","    1409.666508","    1426.267388","    1461.765554","    1465.955812","    1447.148856","    1428.106018","    1404.286737","    1429.028031","    1385.022868","    1423.786497","    1371.964825","    1490.447608","    1313.994112","    1406.898670","    1388.555466","    1344.727434","    1319.742016","    1303.195933","    1314.249848","    1282.774063","    1250.717511","    1261.042838","   35831.726683"
"MARIPOSA","Non-Residential","      38.840985","      41.269050","      41.544407","      40.697049","      39.150808","      39.676854","      47.202078","      58.017966","      55.045319","      38.356851","      36.047566","      38.360873","      40.001373","      41.883410","      43.139677","      42.424848","      49.224679","      60.909254","      58.239298","      57.650984","      55.868506","      57.081462","      49.757088","      53.678620","      55.506242","      48.887640","    1228.462887"
"MARIPOSA","Residential","      68.968299","      68.260044","      71.631572","      72.310983","      71.896480","      72.573298","      72.848422","      73.058883","      72.446712","      69.961751","      67.389556","      67.750668","      64.979725","      62.771183","      61.516394","      64.727849","      64.394643","      63.805406","      60.825895","      60.508737","      58.417654","      56.751586","      55.775800","      54.215393","      55.541087","      53.734453","    1687.062473"
"MARIPOSA","Total","     107.809284","     109.529094","     113.175979","     113.008032","     111.047289","     112.250151","     120.050500","     131.076849","     127.492031","     108.318603","     103.437122","     106.111541","     104.981098","     104.654593","     104.656072","     107.152697","     113.619322","     124.714660","     119.065193","     118.159721","     114.286160","     113.833048","     105.532888","     107.894014","     111.047330","     102.622092","    2915.525363"
"MENDOCINO","Non-Residential","     271.650585","     269.451114","     269.154280","     268.942195","     266.357221","     260.741660","     261.902278","     278.798595","     282.914705","     396.963046","     406.379417","     287.313520","     279.549240","     295.801427","     308.967974","     358.115741","     309.313085","     322.391091","     360.999696","     343.145685","     325.062839","     329.924308","     333.750328","     326.565952","     311.806066","     337.309060","    8063.271108"
"MENDOCINO","Residential","     299.465173","     294.139827","     324.044157","     333.177567","     337.464625","     340.017568","     340.434894","     338.774135","     331.123202","     314.130123","     295.418762","     284.903857","     265.319881","     264.129336","     256.270750","     279.353614","     268.475773","     259.877891","     249.441331","     253.175540","     235.357224","     240.739424","     243.797244","     239.200107","     249.050097","     248.238280","    7385.520382"
"MENDOCINO","Total","     571.115758","     563.590942","     593.198437","     602.119762","     603.821846","     600.759228","     602.337172","     617.572730","     614.037907","     711.093169","     701.798179","     572.217377","     544.869121","     559.930763","     565.238725","     637.469355","     577.788858","     582.268982","     610.441027","     596.321226","     560.420063","     570.663732","     577.547572","     565.766058","     560.856163","     585.547341","   15448.791493"
"MERCED","Non-Residential","    2208.375352","    2305.917732","    2362.187407","    2602.526320","    2981.263997","    2737.484699","    2065.688876","    2055.827015","    3009.824580","    2153.908678","    2275.301655","    2470.209341","    2250.992850","    2374.526327","    2265.780368","    2326.722409","    2570.725412","    1907.396781","    2239.912634","    2259.405903","    2082.363487","    1684.929839","    2338.478400","    1728.999635","    1630.122838","    1891.488283","   58780.360818"
"MERCED","Residential","     718.512694","     715.961124","     696.699633","     703.723814","     676.967989","     658.039160","     676.859341","     669.124122","     658.181346","     654.672612","     620.915113","     612.596943","     588.148148","     558.072289","     539.407689","     555.908097","     531.013859","     519.539777","     509.773267","     502.477454","     475.984955","     471.520428","     464.213059","     414.612266","     410.238408","     445.584211","   15048.747798"
"MERCED","Total","    2926.888046","    3021.878856","    3058.887040","    3306.250134","    3658.231986","    3395.523859","    2742.548217","    2724.951137","    3668.005926","    2808.581290","    2896.216768","    3082.806284","    2839.140998","    2932.598616","    2805.188057","    2882.630506","    3101.739271","    2426.936558","    2749.685901","    2761.883357","    2558.348443","    2156.450267","    2802.691459","    2143.611901","    2040.361245","    2337.072494","   73829.108616"
"MODOC","Non-Residential","     110.235143","     114.232138","     107.906257","     106.391512","      87.847398","      93.720650","      97.662771","      97.814449","      87.753975","     101.258056","      95.925456","      95.225146","     112.642497","     106.295988","     108.410231","     109.576587","     109.597951","      84.428478","     107.788858","     111.510432","      83.522654","      88.038808","      97.560813","     109.085654","      73.770641","      89.335467","    2587.538010"
"MODOC","Residential","      54.069319","      53.422913","      61.008204","      57.447446","      61.363255","      60.279271","      61.354571","      63.026113","      58.710808","      59.044041","      57.577305","      56.453333","      56.767659","      55.363948","      53.733110","      55.575865","      56.781566","      58.079964","      56.802300","      64.699111","      53.878076","      55.755366","      58.621914","      53.699222","      54.603130","      50.605452","    1488.723262"
"MODOC","Total","     164.304461","     167.655050","     168.914461","     163.838958","     149.210652","     153.999921","     159.017342","     160.840561","     146.464782","     160.302097","     153.502761","     151.678479","     169.410156","     161.659936","     162.143341","     165.152453","     166.379517","     142.508443","     164.591158","     176.209543","     137.400730","     143.794174","     156.182727","     162.784875","     128.373771","     139.940919","    4076.261268"
"MONO","Non-Residential","     105.678466","     103.876423","     105.530128","     103.219006","     109.139342","     106.859016","     108.684869","     107.168864","      87.829135","      91.100496","     100.762674","     102.606496","      75.251732","      59.019600","      50.321903","      54.999755","      55.733502","      95.825092","      99.165710","      89.163471","      83.781057","      84.122684","      80.989146","      80.400407","     100.264493","      74.302017","    2315.795484"
"MONO","Residential","      81.513078","      87.587770","      98.793552","      93.651995","      95.661341","      94.297882","      90.986621","      92.534014","      97.752648","      83.801944","      94.836823","      92.476031","      88.206868","      86.703717","      86.207593","      91.895434","      83.750738","      88.994043","      81.892419","      81.123803","      81.678987","      85.462068","      85.942805","      81.819393","      84.602740","      85.017504","    2297.191811"
"MONO","Total","     187.191544","     191.464192","     204.323680","     196.871000","     204.800683","     201.156898","     199.671490","     199.702877","     185.581783","     174.902440","     195.599497","     195.082528","     163.458600","     145.723317","     136.529496","     146.895189","     139.484241","     184.819134","     181.058130","     170.287274","     165.460044","     169.584752","     166.931950","     162.219800","     184.867233","     159.319521","    4612.987293"
"MONTEREY","Non-Residential","    1964.158070","    1929.551433","    1911.394704","    1877.220853","    1841.914637","    1840.144064","    1872.360072","    1892.200032","    1847.559843","    1829.926942","    1840.351787","    1894.615934","    1892.130388","    1873.331791","    1812.786651","    1781.405503","    1477.562729","    1624.158120","    1697.108583","    1611.814796","    1653.139144","    1469.483303","    1580.229134","    1603.913014","    1554.741172","    1514.250912","   45687.453611"
"MONTEREY","Residential","     696.014751","     681.704745","     721.128050","     728.282375","     732.991141","     734.342263","     731.417227","     731.468117","     741.865266","     728.715085","     715.618876","     725.062340","     707.506859","     693.575982","     684.047399","     721.000760","     716.121586","     680.140103","     654.768601","     634.604678","     623.044510","     622.894636","     622.102410","     606.054357","     630.038290","     607.814014","   17872.324421"
"MONTEREY","Total","    2660.172821","    2611.256178","    2632.522754","    2605.503227","    2574.905778","    2574.486327","    2603.777298","    2623.668149","    2589.425109","    2558.642027","    2555.970663","    2619.678273","    2599.637247","    2566.907773","    2496.834050","    2502.406263","    2193.684315","    2304.298222","    2351.877184","    2246.419474","    2276.183654","    2092.377939","    2202.331544","    2209.967371","    2184.779462","    2122.064926","   63559.778028"
"NAPA","Non-Residential","     683.928173","     682.606616","     679.154736","     663.939233","     656.251575","     643.491892","     642.594758","     659.756634","     632.818250","     605.677058","     582.554763","     573.939884","     562.785630","     559.309232","     541.224467","     589.338139","     484.719421","     536.748780","     515.703696","     480.131149","     401.247512","     384.679955","     387.312787","     387.647524","     355.505993","     340.993524","   14234.061381"
"NAPA","Residential","     370.749448","     363.766220","     374.977324","     374.732849","     375.297628","     377.065489","     382.138436","     379.648630","     378.023663","     386.886972","     370.353106","     363.345382","     354.864320","     340.534654","     325.807055","     349.180445","     341.335929","     334.237142","     324.287135","     316.360746","     305.372795","     296.203358","     305.106743","     297.002241","     291.156241","     290.617800","    8969.051751"
"NAPA","Total","    1054.677621","    1046.372835","    1054.132060","    1038.672081","    1031.549203","    1020.557380","    1024.733194","    1039.405264","    1010.841913","     992.564030","     952.907869","     937.285266","     917.649949","     899.843886","     867.031523","     938.518585","     826.055349","     870.985922","     839.990831","     796.491896","     706.620307","     680.883313","     692.419529","     684.649765","     646.662233","     631.611324","   23203.113128"
"NEVADA","Non-Residential","     220.118152","     227.026879","     233.705320","     234.962176","     232.403360","     229.907113","     235.657032","     246.033142","     240.989935","     237.647953","     229.170003","     226.680750","     216.496949","     232.948569","     217.907766","     210.455034","     175.858085","     192.967573","     187.668006","     183.238258","     180.879104","     184.183506","     174.501724","     169.326351","     177.976796","     168.095680","    5466.805216"
"NEVADA","Residential","     413.176726","     406.707113","     423.127063","     426.543732","     426.860991","     425.835091","     424.927241","     421.737558","     414.447399","     411.970488","     397.829499","     398.476909","     378.712429","     379.163814","     363.408873","     378.269990","     368.335365","     367.315584","     342.286139","     339.726176","     327.047146","     328.218954","     323.128959","     313.971178","     322.435572","     313.879857","    9837.539846"
"NEVADA","Total","     633.294879","     633.733992","     656.832382","     661.505908","     659.264351","     655.742205","     660.584273","     667.770701","     655.437334","     649.618441","     626.999502","     625.157659","     595.209378","     612.112383","     581.316639","     588.725025","     544.193449","     560.283157","     529.954145","     522.964434","     507.926251","     512.402460","     497.630683","     483.297529","     500.412367","     481.975536","   15304.345063"
"ORANGE","Non-Residential","   14091.515732","   13677.791106","   13387.107660","   13378.413650","   13185.111170","   13183.716789","   13740.695750","   14396.338990","   14252.322694","   14343.783520","   13838.577578","   13675.113543","   13206.854883","   12869.464652","   11964.871637","   13780.365354","   10868.633358","   13137.068545","   12661.099803","   12112.304626","   11656.086826","   11826.944098","   11424.509039","   11898.539566","   11467.556333","   11638.669690","  335663.456592"
"ORANGE","Residential","    6795.905246","    7038.013252","    6837.731854","    7065.504148","    6689.112874","    6601.535180","    6906.008869","    7128.617197","    6859.138584","    6842.145705","    6712.012346","    6603.860758","    6363.149159","    5977.834856","    5568.004301","    6331.415062","    5788.592702","    5881.285443","    5876.865282","    5618.972272","    5441.313405","    5463.234758","    5194.523935","    5493.867502","    5137.481857","    5120.556274","  161336.682821"
"ORANGE","Total","   20887.420979","   20715.804358","   20224.839514","   20443.917798","   19874.224044","   19785.251970","   20646.704619","   21524.956187","   21111.461278","   21185.929225","   20550.589923","   20278.974301","   19570.004042","   18847.299508","   17532.875938","   20111.780416","   16657.226060","   19018.353988","   18537.965085","   17731.276899","   17097.400231","   17290.178856","   16619.032974","   17392.407068","   16605.038190","   16759.225964","  497000.139415"
"PLACER","Non-Residential","    1519.801890","    1546.813578","    1514.347022","    1526.214862","    1542.944531","    1550.501466","    1584.178149","    1659.394304","    1678.519752","    1501.851111","    1433.187543","    1496.917832","    1412.801612","    1382.418627","    1331.095200","    1378.856280","    1194.799183","    1259.166618","    1090.630876","    1005.476406","    1100.779736","    1047.770976","     940.681023","     875.658819","     894.157680","     811.561607","   34280.526683"
"PLACER","Residential","    1382.368437","    1369.591411","    1366.937113","    1385.841326","    1353.315499","    1336.438426","    1369.740685","    1362.762100","    1328.463190","    1335.433855","    1263.352067","    1215.749933","    1145.239140","    1055.072769","     979.308988","     976.124418","     921.882461","     878.626984","     844.243780","     823.587286","     757.250491","     746.608507","     728.522643","     711.086467","     702.322530","     680.960940","   28020.831446"
"PLACER","Total","    2902.170327","    2916.404989","    2881.284136","    2912.056189","    2896.260030","    2886.939891","    2953.918834","    3022.156403","    3006.982942","    2837.284965","    2696.539610","    2712.667765","    2558.040751","    2437.491396","    2310.404188","    2354.980697","    2116.681643","    2137.793602","    1934.874656","    1829.063692","    1858.030227","    1794.379483","    1669.203666","    1586.745287","    1596.480209","    1492.522547","   62301.358125"
"PLUMAS","Non-Residential","     102.645710","     102.532208","     110.707154","     126.527410","     117.951351","      97.837324","      99.012615","     114.173043","     112.378325","     120.319707","      91.418440","      92.954336","      99.285165","     122.358360","      93.942997","     109.122884","     100.723558","      98.803186","     127.510747","      93.073449","      74.688464","      62.895411","     112.012157","     113.822446","      94.313437","      90.131612","    2681.141496"
"PLUMAS","Residential","      92.417988","      98.287001","     101.412302","      97.807020","     101.473686","     102.105261","     103.338947","     103.632605","     103.567064","     103.457398","     102.511207","     101.282195","      96.156275","      96.900140","      92.753466","      92.930694","      94.089983","      93.749365","      90.033386","      88.417064","      86.200226","      88.051175","     116.951203","     107.747799","      89.257865","      88.269715","    2532.801030"
"PLUMAS","Total","     195.063697","     200.819209","     212.119455","     224.334430","     219.425037","     199.942585","     202.351562","     217.805648","     215.945388","     223.777105","     193.929647","     194.236531","     195.441440","     219.258500","     186.696463","     202.053578","     194.813542","     192.552551","     217.544133","     181.490513","     160.888690","     150.946586","     228.963360","     221.570245","     183.571302","     178.401327","    5213.942524"
"RIVERSIDE","Non-Residential","    8773.043395","    8734.548951","    8506.774889","    8576.253077","    7814.159297","    7705.437265","    7882.031820","    8304.368523","    8281.505581","    8279.997344","    7888.158271","    7633.243124","    7256.616084","    6668.586806","    5735.329023","    6681.362085","    5248.586661","    5497.764775","    5518.255812","    5291.282229","    5077.392395","    4985.345710","    3643.770644","    3584.807962","    3517.191625","    3382.495339","  170468.308687"
"RIVERSIDE","Residential","    6661.682362","    6768.672183","    6601.835228","    6672.257901","    6578.002047","    6336.630569","    6607.317531","    6772.748409","    6683.401186","    6875.697041","    5448.690651","    5102.188595","    5480.931262","    4891.090477","    4725.834499","    4965.469853","    4584.177268","    4405.400669","    4324.404946","    4263.842855","    4060.422590","    4026.994776","    3525.509250","    3625.502620","    3387.375972","    3381.206731","  136757.287471"
"RIVERSIDE","Total","   15434.725756","   15503.221134","   15108.610117","   15248.510978","   14392.161344","   14042.067834","   14489.349350","   15077.116932","   14964.906768","   15155.694385","   13336.848922","   12735.431719","   12737.547346","   11559.677283","   10461.163522","   11646.831938","    9832.763929","    9903.165444","    9842.660758","    9555.125084","    9137.814985","    9012.340486","    7169.279894","    7210.310582","    6904.567597","    6763.702070","  307225.596157"
"SACRAMENTO","Non-Residential","    6096.767937","    6258.067491","    6128.662092","    6116.357251","    6106.544726","    6187.072840","    6261.958200","    6397.433721","    6424.254283","    6245.416614","    6138.886632","    5921.750757","    5666.879828","    5464.447574","    5519.079313","    5595.193902","    5563.936989","    5295.019577","    5276.326921","    5166.796560","    5025.350011","    4930.242055","    4932.112865","    4936.370966","    4779.498052","    4784.024951","  147218.452108"
"SACRAMENTO","Residential","    4673.671881","    4718.741514","    4695.265865","    4692.986588","    4640.986875","    4534.586172","    4733.316446","    4711.876234","    4650.595146","    4762.260192","    4576.688494","    4423.577655","    4379.788893","    4103.966894","    4035.339389","    4142.131663","    3959.346081","    3984.349904","    3838.113920","    3866.285559","    3581.735960","    3695.087079","    3650.251881","    3634.603537","    3617.630125","    3625.074714","  109928.258661"
"SACRAMENTO","Total","   10770.439818","   10976.809004","   10823.927957","   10809.343839","   10747.531601","   10721.659011","   10995.274646","   11109.309955","   11074.849429","   11007.676806","   10715.575126","   10345.328412","   10046.668721","    9568.414468","    9554.418701","    9737.325565","    9523.283070","    9279.369482","    9114.440842","    9033.082119","    8607.085971","    8625.329135","    8582.364746","    8570.974504","    8397.128177","    8409.099665","  257146.710770"
"SAN BENITO","Non-Residential","     247.342177","     240.893578","     238.110553","     215.010354","     199.137259","     191.858926","     198.480861","     198.226019","     203.480879","     199.069833","     188.990051","     194.436856","     184.004718","     204.730751","     211.088498","     181.392988","     143.921281","     152.410917","     145.933233","     129.076847","     122.863609","     117.801586","     110.459338","     115.927845","     117.265477","     117.686238","    4569.600672"
"SAN BENITO","Residential","     120.693666","     115.277144","     119.611062","     117.904273","     116.330127","     116.745326","     117.534287","     117.614048","     119.346468","     118.526578","     116.042862","     117.453031","     114.375905","     111.080252","     105.789149","     109.680197","     103.327349","      96.909345","      90.384096","      85.048890","      78.643154","      77.687541","      75.114599","      71.536465","      71.635891","      70.136148","    2674.427853"
"SAN BENITO","Total","     368.035843","     356.170722","     357.721615","     332.914626","     315.467386","     308.604252","     316.015148","     315.840067","     322.827346","     317.596411","     305.032913","     311.889888","     298.380623","     315.811003","     316.877647","     291.073185","     247.248630","     249.320262","     236.317328","     214.125736","     201.506763","     195.489127","     185.573936","     187.464310","     188.901368","     187.822386","    7244.028521"
"SAN BERNARDINO","Non-Residential","   10236.690053","    9963.523557","    9658.732576","    9556.719250","    8992.666021","    8859.236435","    8963.347725","    9884.337224","   10006.017038","    9642.923449","    9462.932326","    9283.958619","    9163.570268","    9036.094403","    7671.860898","    8900.834195","    6991.894645","    7874.805443","    8019.968265","    7806.496386","    7394.569033","    7319.223434","    8013.122668","    7875.345290","    7803.898068","    7622.695015","  226005.462284"
"SAN BERNARDINO","Residential","    4517.129407","    4765.314484","    4687.230963","    4771.895918","    4716.788593","    4600.712269","    4796.955947","    4913.341940","    4785.545127","    4977.380261","    5241.954877","    5044.595256","    4251.069401","    3817.724368","    3717.428101","    3950.484675","    3581.655179","    3627.510532","    3553.100913","    3548.364224","    3429.884601","    3411.102400","    3797.836492","    3964.319884","    3773.015371","    3825.313313","  110067.654496"
"SAN BERNARDINO","Total","   14753.819460","   14728.838041","   14345.963539","   14328.615168","   13709.454614","   13459.948704","   13760.303672","   14797.679164","   14791.562165","   14620.303709","   14704.887203","   14328.553874","   13414.639669","   12853.818770","   11389.288999","   12851.318871","   10573.549824","   11502.315975","   11573.069178","   11354.860610","   10824.453634","   10730.325833","   11810.959160","   11839.665174","   11576.913439","   11448.008328","  336073.116777"
"SAN DIEGO","Non-Residential","   12863.832501","   13039.601294","   12623.472437","   12654.794659","   12333.059998","   12379.459814","   12747.271719","   13096.644502","   12901.945105","   12955.388840","   12373.625568","   12382.298587","   11728.525440","   11439.087594","   11240.499650","   11585.482230","    8261.407940","    9808.279593","   10448.987797","    9974.153779","    9684.324895","    9515.269448","    9358.911157","    9381.170895","    8889.759161","    9191.153807","  292858.408410"
"SAN DIEGO","Residential","    6917.345593","    6864.199972","    6802.307158","    6907.235912","    6689.534252","    6598.792458","    6768.031537","    6898.184125","    6736.529242","    6709.367131","    6340.808444","    6324.532237","    6043.946351","    5681.077203","    5500.531206","    5890.133584","    5722.947448","    5680.810839","    5530.367207","    5385.364689","    5213.745075","    5218.545736","    5062.419031","    5120.240950","    4879.208742","    5204.506395","  156690.712517"
"SAN DIEGO","Total","   19781.178094","   19903.801266","   19425.779595","   19562.030571","   19022.594250","   18978.252272","   19515.303256","   19994.828628","   19638.474347","   19664.755971","   18714.434012","   18706.830824","   17772.471791","   17120.164798","   16741.030856","   17475.615814","   13984.355388","   15489.090432","   15979.355005","   15359.518468","   14898.069970","   14733.815184","   14421.330188","   14501.411844","   13768.967903","   14395.660202","  449549.120929"
"SAN FRANCISCO","Non-Residential","    4337.491567","    4410.461123","    4385.210074","    4363.367589","    4378.369475","    4237.543273","    4158.291779","    4243.747952","    4157.121639","    3841.340774","    3926.038189","    3699.666173","    3621.327079","    3688.850459","    3660.863383","    3867.509578","    3216.477118","    3521.670907","    3813.168594","    3726.582111","    3691.406219","    3602.846395","    3719.924596","    3702.160654","    3723.247517","    3766.360856","  101461.045073"
"SAN FRANCISCO","Residential","    1466.515850","    1433.039962","    1499.291129","    1510.975342","    1523.985092","    1518.212887","    1501.536630","    1484.420818","    1467.594183","    1491.132559","    1444.470346","    1381.250065","    1363.743000","    1365.736603","    1345.613750","    1414.779270","    1415.215535","    1355.958799","    1315.530064","    1273.247416","    1280.021070","    1257.328920","    1252.797683","    1210.064743","    1244.609201","    1218.100550","   36035.171467"
"SAN FRANCISCO","Total","    5804.007417","    5843.501085","    5884.501203","    5874.342931","    5902.354567","    5755.756161","    5659.828409","    5728.168770","    5624.715822","    5332.473333","    5370.508536","    5080.916239","    4985.070079","    5054.587062","    5006.477133","    5282.288848","    4631.692653","    4877.629705","    5128.698658","    4999.829527","    4971.427289","    4860.175315","    4972.722279","    4912.225398","    4967.856718","    4984.461406","  137496.216543"
"SAN JOAQUIN","Non-Residential","    3395.789603","    3474.778710","    3809.402059","    3599.191076","    3563.040286","    3514.491660","    3594.116600","    3610.518643","    3745.922221","    4066.401208","    4080.822648","    3771.158058","    3336.370266","    3730.535522","    3691.197841","    3705.425869","    3575.800295","    3197.592055","    3421.275996","    3230.227494","    3176.225711","    2805.198454","    3054.934476","    2615.097310","    2487.063215","    2708.257709","   88960.834985"
"SAN JOAQUIN","Residential","    1778.283023","    1756.798896","    1736.385078","    1751.668013","    1707.132300","    1684.608755","    1726.920249","    1707.094981","    1701.104937","    1715.683653","    1652.179663","    1631.870445","    1575.208232","    1474.074209","    1410.466464","    1461.393069","    1367.596055","    1359.677872","    1320.510486","    1309.102617","    1213.722881","    1193.755366","    1202.847795","    1202.711990","    1183.308681","    1160.007393","   38984.113103"
"SAN JOAQUIN","Total","    5174.072626","    5231.577606","    5545.787137","    5350.859089","    5270.172586","    5199.100415","    5321.036849","    5317.613624","    5447.027158","    5782.084861","    5733.002311","    5403.028503","    4911.578498","    5204.609732","    5101.664305","    5166.818938","    4943.396350","    4557.269927","    4741.786482","    4539.330111","    4389.948592","    3998.953820","    4257.782271","    3817.809301","    3670.371896","    3868.265102","  127944.948090"
"SAN LUIS OBISPO","Non-Residential","    1068.468548","    1095.933025","    1101.005603","    1059.781742","    1026.542178","    1008.734010","    1033.368434","    1062.553667","    1091.457210","     918.123043","     929.552677","     958.743085","     936.486836","     921.356066","     858.616927","     824.821918","     666.157334","     730.903299","     740.111989","     702.766534","     677.441091","     670.953133","     661.732919","     635.577120","     629.116365","     659.252135","   22669.556888"
"SAN LUIS OBISPO","Residential","     648.500390","     630.115215","     660.520299","     665.808082","     657.176909","     658.112719","     669.149678","     673.888061","     672.191650","     682.890012","     651.546072","     637.097489","     625.023866","     542.152174","     625.838356","     599.989797","     579.588014","     561.134112","     538.657641","     524.969428","     505.762762","     493.122675","     493.668203","     483.462830","     493.915381","     487.020224","   15461.302039"
"SAN LUIS OBISPO","Total","    1716.968938","    1726.048240","    1761.525902","    1725.589824","    1683.719087","    1666.846729","    1702.518112","    1736.441727","    1763.648860","    1601.013054","    1581.098749","    1595.840574","    1561.510702","    1463.508240","    1484.455283","    1424.811714","    1245.745348","    1292.037411","    1278.769631","    1227.735962","    1183.203853","    1164.075808","    1155.401121","    1119.039951","    1123.031746","    1146.272359","   38130.858925"
"SAN MATEO","Non-Residential","    2907.240371","    2956.933673","    2961.089741","    2928.132936","    2965.745066","    3147.985425","    3355.220904","    3462.095632","    3407.109848","    3073.892774","    2976.201450","    3217.284755","    3098.624068","    2701.618493","    2754.706862","    3222.079990","    2526.934894","    2948.215766","    2872.936277","    2674.765973","    2608.135044","    2530.109789","    2539.764883","    2536.052160","    2489.600546","    2574.698985","   75437.176305"
"SAN MATEO","Residential","    1539.139680","    1500.043963","    1570.824894","    1585.414453","    1605.615337","    1618.379001","    1615.239432","    1613.705224","    1594.025063","    1598.074809","    1568.757056","    1546.106988","    1514.411185","    1513.496050","    1475.244351","    1586.727026","    1573.283294","    1534.499225","    1483.444353","    1445.210949","    1413.561677","    1412.081315","    1415.799756","    1371.915575","    1400.528192","    1392.880024","   39488.408872"
"SAN MATEO","Total","    4446.380051","    4456.977635","    4531.914634","    4513.547389","    4571.360403","    4766.364426","    4970.460336","    5075.800855","    5001.134912","    4671.967583","    4544.958506","    4763.391744","    4613.035253","    4215.114544","    4229.951213","    4808.807015","    4100.218188","    4482.714991","    4356.380630","    4119.976922","    4021.696721","    3942.191103","    3955.564639","    3907.967735","    3890.128738","    3967.579009","  114925.585175"
"SANTA BARBARA","Non-Residential","    2340.207886","    2609.653375","    2544.490407","    2427.502965","    2441.021583","    2431.586621","    2430.134794","    2450.753208","    2366.705576","    2415.341028","    2436.116742","    2375.772233","    2221.922591","    2279.203550","    2006.912825","    2092.565420","    1653.098695","    2015.549406","    2077.274361","    1986.347553","    1917.694361","    1894.384525","    1938.830134","    1911.832302","    1861.506123","    1837.226626","   56963.634890"
"SANTA BARBARA","Residential","     778.548330","     803.685591","     831.171113","     837.606763","     801.043564","     801.750848","     809.330509","     815.846626","     813.831646","     773.219387","     807.264962","     789.810143","     772.995045","     742.568915","     736.796606","     773.081146","     728.445671","     719.347270","     706.492920","     682.029493","     672.124025","     670.743134","     662.362487","     655.938051","     659.268904","     647.314279","   19492.617428"
"SANTA BARBARA","Total","    3118.756216","    3413.338967","    3375.661520","    3265.109727","    3242.065147","    3233.337469","    3239.465303","    3266.599834","    3180.537222","    3188.560416","    3243.381704","    3165.582376","    2994.917636","    3021.772465","    2743.709431","    2865.646565","    2381.544366","    2734.896675","    2783.767280","    2668.377046","    2589.818386","    2565.127659","    2601.192621","    2567.770353","    2520.775026","    2484.540905","   76456.252315"
"SANTA CLARA","Non-Residential","   12878.945733","   12838.189111","   12704.904370","   12604.224609","   12637.734069","   12331.726077","   12580.238361","   12774.097332","   12556.510731","   11964.350876","   11679.174837","   11580.777766","   11325.577544","   10889.565879","   11764.449782","   12796.812996","   11307.692661","   12226.658960","   11824.084626","   11096.878568","   10793.102147","   10730.221990","   10852.854026","   10930.359697","   10797.036474","   10912.494255","  307378.663477"
"SANTA CLARA","Residential","    3933.284826","    3839.419255","    3915.505935","    3891.958977","    3930.487176","    3929.507935","    3974.486770","    3957.695209","    3901.651980","    4092.725687","    3886.148925","    3778.230603","    3857.072215","    3631.904767","    3632.595478","    3816.319827","    3735.514371","    3649.264239","    3509.355246","    3408.446035","    3295.025941","    3205.731343","    3240.047942","    3148.037332","    3163.287437","    3137.451293","   95461.156744"
"SANTA CLARA","Total","   16812.230560","   16677.608366","   16620.410305","   16496.183586","   16568.221245","   16261.234012","   16554.725131","   16731.792541","   16458.162712","   16057.076563","   15565.323762","   15359.008369","   15182.649760","   14521.470645","   15397.045260","   16613.132823","   15043.207032","   15875.923199","   15333.439873","   14505.324604","   14088.128088","   13935.953333","   14092.901968","   14078.397029","   13960.323911","   14049.945548","  402839.820225"
"SANTA CRUZ","Non-Residential","     660.413450","     680.456810","     680.512741","     665.475062","     656.267018","     663.273800","     683.124636","     773.048684","     824.626446","     867.682217","     836.443911","     897.875428","     819.339396","     870.322987","     922.161259","     939.241672","     748.564637","     848.770158","     890.031159","     830.886980","     850.132393","     790.806294","     796.784950","     795.291223","     761.519332","     784.942826","   20537.995469"
"SANTA CRUZ","Residential","     560.617114","     553.642132","     592.165062","     598.277759","     602.198688","     602.929392","     594.437475","     585.391023","     585.275710","     568.221938","     564.097579","     570.994150","     544.679040","     542.959444","     545.872016","     599.408473","     582.791361","     564.533969","     542.338961","     528.234239","     518.484870","     514.375806","     515.422373","     498.169490","     510.493279","     502.601156","   14488.612499"
"SANTA CRUZ","Total","    1221.030564","    1234.098941","    1272.677803","    1263.752820","    1258.465706","    1266.203192","    1277.562111","    1358.439707","    1409.902156","    1435.904156","    1400.541490","    1468.869578","    1364.018436","    1413.282431","    1468.033275","    1538.650145","    1331.355998","    1413.304127","    1432.370120","    1359.121219","    1368.617263","    1305.182099","    1312.207323","    1293.460713","    1272.012610","    1287.543982","   35026.607965"
"SHASTA","Non-Residential","     825.856670","     820.547164","     796.204673","     782.811741","     772.916803","     778.218742","     810.365400","     851.721788","     876.978744","     871.243097","     865.858317","    1011.885009","     956.743993","     945.237142","     883.952402","     911.126253","     811.198391","     904.141029","     918.418414","     848.081818","     925.161972","     878.260969","     900.809932","     964.300274","     953.462685","     942.258870","   22807.762292"
"SHASTA","Residential","     733.738620","     722.505685","     747.774345","     748.060129","     746.481015","     747.003260","     757.085929","     752.913701","     741.382342","     743.603276","     710.263061","     713.093641","     689.687605","     668.168727","     639.900616","     653.242309","     638.846289","     634.757867","     626.990120","     661.759299","     615.819594","     608.054044","     598.225337","     605.132082","     606.142311","     578.296518","   17688.927722"
"SHASTA","Total","    1559.595290","    1543.052849","    1543.979018","    1530.871870","    1519.397818","    1525.222002","    1567.451329","    1604.635489","    1618.361086","    1614.846372","    1576.121377","    1724.978649","    1646.431599","    1613.405869","    1523.853018","    1564.368563","    1450.044680","    1538.898896","    1545.408534","    1509.841117","    1540.981566","    1486.315013","    1499.035269","    1569.432356","    1559.604996","    1520.555388","   40496.690013"
"SIERRA","Non-Residential","       9.643804","      10.402831","       9.626174","       9.373009","       9.358072","       9.325313","      10.033662","      10.599838","      11.467064","       9.007381","       9.900346","       9.507515","      19.922779","      17.390710","      20.715837","       8.115739","       7.506069","       8.422577","       8.387507","       8.549374","       9.019513","       8.647206","       7.637668","       6.008249","       9.931283","      10.437353","     268.936873"
"SIERRA","Residential","      14.434677","      13.164294","      13.820789","      14.158866","      14.033411","      14.371205","      14.388634","      14.498605","      16.766946","      14.853717","      15.222821","      15.111135","      15.062182","      14.777608","      14.826266","      14.627973","      14.796344","      14.731831","      13.908981","      13.839174","      13.550549","      13.418544","      10.250577","       9.834690","      13.437381","      13.450056","     365.337256"
"SIERRA","Total","      24.078481","      23.567124","      23.446964","      23.531875","      23.391483","      23.696518","      24.422296","      25.098443","      28.234010","      23.861098","      25.123168","      24.618650","      34.984961","      32.168318","      35.542103","      22.743712","      22.302413","      23.154408","      22.296488","      22.388548","      22.570062","      22.065750","      17.888245","      15.842939","      23.368664","      23.887409","     634.274130"
"SISKIYOU","Non-Residential","     271.483647","     267.711599","     265.745243","     257.714608","     264.508764","     264.867133","     277.483321","     294.728470","     319.317799","     277.688850","     274.441394","     288.855861","     278.418012","     283.868949","     270.149297","     234.304880","     239.190399","     210.022197","     224.145192","     238.484577","     250.998891","     227.973009","     245.209370","     238.387665","     243.255605","     272.048046","    6781.002778"
"SISKIYOU","Residential","     218.683795","     213.838454","     231.371835","     227.602120","     235.347527","     236.592519","     240.087840","     246.822846","     243.915502","     236.535902","     235.488022","     229.817203","     230.982636","     218.048840","     212.419492","     222.352654","     222.442576","     222.079025","     226.711535","     284.668763","     208.569589","     219.433100","     211.169746","     221.741968","     214.121954","     191.862981","    5902.708424"
"SISKIYOU","Total","     490.167442","     481.550053","     497.117078","     485.316728","     499.856290","     501.459653","     517.571161","     541.551316","     563.233301","     514.224752","     509.929417","     518.673064","     509.400648","     501.917788","     482.568788","     456.657535","     461.632975","     432.101222","     450.856727","     523.153340","     459.568480","     447.406109","     456.379116","     460.129633","     457.377559","     463.911027","   12683.711202"
"SOLANO","Non-Residential","    2176.919495","    2205.669463","    2204.625594","    2169.003390","    2104.949449","    2055.022383","    2150.403912","    2144.132501","    2327.279728","    2111.941869","    2119.992669","    2064.041542","    1972.446597","    1948.565638","    1909.093435","    2063.961365","    1770.901899","    1845.130455","    1727.903124","    1741.553993","    1764.500496","    1779.031362","    1732.075691","    1773.942636","    1727.158588","    1887.860955","   51478.108229"
"SOLANO","Residential","    1037.223786","    1005.930331","    1019.779076","    1020.078844","    1013.629509","    1003.762034","    1021.463400","    1030.299888","    1012.194646","    1053.162760","    1000.116612","     989.558284","     990.794391","     908.870300","     877.679081","     939.743102","     894.202892","     880.820237","     854.771901","     843.261815","     792.330617","     778.884335","     796.996857","     763.352506","     760.420748","     753.056817","   24042.384769"
"SOLANO","Total","    3214.143280","    3211.599794","    3224.404669","    3189.082234","    3118.578958","    3058.784417","    3171.867311","    3174.432389","    3339.474374","    3165.104629","    3120.109281","    3053.599826","    2963.240988","    2857.435937","    2786.772516","    3003.704466","    2665.104791","    2725.950692","    2582.675025","    2584.815809","    2556.831114","    2557.915698","    2529.072547","    2537.295142","    2487.579336","    2640.917772","   75520.492995"
"SONOMA","Non-Residential","    1638.619998","    1652.940400","    1619.229922","    1566.755557","    1538.892275","    1531.066449","    1532.265085","    1639.750312","    1646.311441","    1564.358833","    1519.176577","    1637.203278","    1566.401023","    1615.835152","    1517.867783","    1652.204599","    1306.518275","    1464.189623","    1444.547226","    1396.867546","    1323.922041","    1297.931960","    1284.766971","    1273.193873","    1211.860173","    1239.837510","   38682.513882"
"SONOMA","Residential","    1308.906105","    1283.182702","    1346.438513","    1356.069456","    1361.724508","    1348.701907","    1323.302441","    1306.187446","    1274.773620","    1301.305145","    1231.317927","    1226.863916","    1187.679325","    1152.760832","    1117.055375","    1199.646850","    1178.080645","    1140.428861","    1099.953577","    1061.282895","    1032.481043","    1024.717927","    1027.350417","     989.660199","     998.355312","     987.923198","   30866.150142"
"SONOMA","Total","    2947.526103","    2936.123102","    2965.668435","    2922.825014","    2900.616783","    2879.768356","    2855.567526","    2945.937759","    2921.085061","    2865.663978","    2750.494504","    2864.067194","    2754.080348","    2768.595984","    2634.923158","    2851.851448","    2484.598920","    2604.618483","    2544.500803","    2458.150440","    2356.403084","    2322.649887","    2312.117388","    2262.854072","    2210.215485","    2227.760708","   69548.664023"
"STANISLAUS","Non-Residential","    3059.141631","    3020.368421","    2969.904018","    2959.894558","    2809.795826","    2787.908483","    2893.500535","    3008.340518","    2973.345047","    3040.022407","    2981.231584","    2880.441564","    2826.508336","    2794.484336","    2705.535326","    2796.777717","    2653.708202","    2631.343962","    2508.892043","    2447.023832","    2332.549228","    2283.322095","    2187.753688","    2269.231228","    2302.615775","    2217.459032","   70341.099392"
"STANISLAUS","Residential","    1721.589453","    1721.227445","    1697.951059","    1697.282615","    1666.995960","    1636.606364","    1718.923301","    1710.484666","    1677.743997","    1732.389659","    1652.455188","    1619.341838","    1575.358953","    1471.733023","    1428.922446","    1447.743253","    1375.307125","    1367.577419","    1331.017855","    1331.309900","    1244.928194","    1255.780030","    1219.004491","    1291.823418","    1301.658558","    1196.224573","   39091.380783"
"STANISLAUS","Total","    4780.731084","    4741.595865","    4667.855077","    4657.177172","    4476.791787","    4424.514846","    4612.423837","    4718.825184","    4651.089044","    4772.412066","    4633.686772","    4499.783402","    4401.867288","    4266.217359","    4134.457772","    4244.520970","    4029.015327","    3998.921381","    3839.909898","    3778.333732","    3577.477421","    3539.102124","    3406.758180","    3561.054646","    3604.274334","    3413.683605","  109432.480173"
"SUTTER","Non-Residential","     369.559017","     371.900004","     371.672535","     355.322909","     340.641478","     333.327024","     347.456152","     350.434754","     347.282542","     351.231019","     309.959103","     310.348763","     296.337366","     310.088827","     302.551386","     307.699577","     247.573373","     279.050436","     281.652166","     272.285677","     265.814439","     269.088433","     256.386884","     251.702983","     241.586002","     237.800517","    7978.753366"
"SUTTER","Residential","     280.001631","     276.287067","     275.069609","     279.501971","     271.782709","     265.922911","     277.151923","     277.532795","     273.952983","     275.881838","     259.047863","     253.920689","     245.301749","     228.447006","     218.281705","     232.958914","     223.757423","     222.022613","     221.102650","     219.973839","     203.000605","     203.671153","     200.471983","     201.911746","     194.811427","     191.661435","    6273.428237"
"SUTTER","Total","     649.560648","     648.187071","     646.742144","     634.824880","     612.424187","     599.249936","     624.608076","     627.967549","     621.235525","     627.112856","     569.006966","     564.269453","     541.639115","     538.535833","     520.833091","     540.658491","     471.330796","     501.073049","     502.754816","     492.259516","     468.815044","     472.759586","     456.858867","     453.614728","     436.397429","     429.461952","   14252.181604"
"TEHAMA","Non-Residential","     265.105419","     262.652850","     270.310877","     267.442972","     258.117960","     251.199599","     262.366766","     274.991571","     278.107069","     249.340613","     238.236497","     246.646285","     242.366472","     205.578677","     302.241154","     287.812742","     241.327005","     270.980601","     276.526692","     266.269342","     258.628672","     253.443873","     244.048769","     240.290545","     235.090418","     248.855515","    6697.978955"
"TEHAMA","Residential","     234.585900","     230.163904","     237.012235","     238.780629","     233.893364","     233.355462","     238.042330","     234.172051","     230.580328","     227.532390","     214.145014","     216.106171","     202.337333","     198.349638","     189.923350","     200.151209","     195.015293","     191.372896","     187.591870","     186.971977","     177.708536","     176.948991","     173.922991","     176.012138","     175.080818","     171.136295","    5370.893113"
"TEHAMA","Total","     499.691319","     492.816754","     507.323112","     506.223602","     492.011324","     484.555061","     500.409096","     509.163623","     508.687397","     476.873002","     452.381511","     462.752456","     444.703805","     403.928315","     492.164503","     487.963951","     436.342298","     462.353497","     464.118562","     453.241319","     436.337209","     430.392864","     417.971760","     416.302683","     410.171236","     419.991809","   12068.872068"
"TRINITY","Non-Residential","     101.033236","     107.418439","     108.323221","     100.586972","     109.583679","      77.454185","      83.031267","       2.423341","       1.991885","      62.783185","      63.824159","       6.957762","      15.714568","      15.087174","       2.208223","       2.480198","       2.529678","       2.345747","       2.864903","       2.968178","       3.002780","       3.086261","       6.321745","       9.538606","      10.250799","      10.094531","     913.904722"
"TRINITY","Residential","      10.462343","      10.356439","      11.171592","      11.452732","      11.581857","      11.259071","      10.617376","       9.965999","       9.410344","       8.547885","       8.257986","       8.393588","       7.839302","       7.947808","       7.554643","       7.868440","       7.490285","       7.393932","       7.337407","       7.248651","       7.045808","       7.025787","      17.383441","      25.816312","      26.623264","      26.298566","     292.350858"
"TRINITY","Total","     111.495578","     117.774879","     119.494813","     112.039705","     121.165536","      88.713256","      93.648643","      12.389339","      11.402229","      71.331070","      72.082145","      15.351350","      23.553870","      23.034982","       9.762866","      10.348639","      10.019963","       9.739679","      10.202311","      10.216828","      10.048588","      10.112048","      23.705185","      35.354918","      36.874063","      36.393096","    1206.255579"
"TULARE","Non-Residential","    3360.207229","    3269.917185","    3108.784500","    2979.494670","    2582.654079","    2675.287847","    2790.285133","    2758.693464","    2651.722212","    2497.495648","    2274.524929","    2289.842150","    2216.899843","    2524.664685","    2372.988123","    2383.457810","    1860.470030","    1693.710494","    1853.446262","    1778.273719","    1650.016504","    1747.190856","    1611.596101","    1776.143753","    1721.519039","    1788.022809","   60217.309074"
"TULARE","Residential","    1155.847487","    1223.625851","    1207.878064","    1182.970900","    1162.939765","    1139.886276","    1188.128480","    1162.039601","    1117.652450","    1191.735691","    1085.323698","    1046.682390","    1037.987810","     941.862399","     923.792090","     961.793645","     876.421625","     890.154511","     875.533090","     875.439751","     829.967205","     834.705547","     812.396109","     820.298247","     807.148766","     788.669980","   26140.881428"
"TULARE","Total","    4516.054717","    4493.543037","    4316.662564","    4162.465569","    3745.593844","    3815.174123","    3978.413613","    3920.733065","    3769.374662","    3689.231339","    3359.848627","    3336.524540","    3254.887654","    3466.527085","    3296.780212","    3345.251455","    2736.891655","    2583.865006","    2728.979352","    2653.713470","    2479.983709","    2581.896404","    2423.992211","    2596.442000","    2528.667805","    2576.692790","   86358.190508"
"TUOLUMNE","Non-Residential","     233.776383","     234.354638","     240.939615","     233.526630","     225.018804","     211.813161","     222.383709","     203.333821","     210.561053","     503.221992","     261.294514","     222.674217","     204.979436","     218.589046","     217.069360","     247.143320","     206.475072","     224.357921","     189.567162","     164.119001","     212.158533","     239.087603","     268.186391","     253.778004","     248.528210","     247.047050","    6143.984646"
"TUOLUMNE","Residential","     211.096502","     205.401298","     219.613510","     220.502367","     220.754884","     223.135734","     224.650201","     224.879321","     223.252678","     219.350401","     213.732731","     218.009785","     206.972318","     208.025183","     200.323811","     207.414235","     204.528625","     203.618824","     191.286347","     189.765704","     186.285027","     185.058503","     187.026583","     181.083104","     186.355869","     184.325696","    5346.449241"
"TUOLUMNE","Total","     444.872885","     439.755937","     460.553125","     454.028997","     445.773689","     434.948895","     447.033910","     428.213142","     433.813732","     722.572393","     475.027244","     440.684002","     411.951754","     426.614229","     417.393172","     454.557555","     411.003697","     427.976745","     380.853509","     353.884705","     398.443561","     424.146106","     455.212975","     434.861108","     434.884079","     431.372747","   11490.433893"
"VENTURA","Non-Residential","    3859.423622","    3588.319367","    3498.924583","    3604.736769","    3669.770983","    3662.499521","    3732.989932","    4028.651288","    3851.036910","    3926.359097","    3863.764765","    3833.785565","    3647.470104","    3995.840635","    3631.755219","    4219.759308","    3080.128852","    3473.439587","    3386.421404","    3234.827782","    3169.615157","    3131.362923","    3088.717193","    3029.318277","    3062.252950","    3140.198237","   92411.370030"
"VENTURA","Residential","    1780.706315","    1908.736089","    1902.797140","    1920.327641","    1802.041436","    1789.874442","    1855.864665","    1891.689851","    1841.334395","    1765.322492","    1785.811880","    1743.785131","    1692.392617","    1582.557687","    1533.145035","    1652.828839","    1497.018660","    1462.765238","    1481.608592","    1426.889935","    1385.918311","    1395.507016","    1351.133971","    1371.460201","    1348.884490","    1349.773045","   42520.175114"
"VENTURA","Total","    5640.129937","    5497.055456","    5401.721723","    5525.064410","    5471.812419","    5452.373964","    5588.854597","    5920.341138","    5692.371306","    5691.681589","    5649.576645","    5577.570696","    5339.862721","    5578.398321","    5164.900254","    5872.588148","    4577.147512","    4936.204826","    4868.029995","    4661.717717","    4555.533468","    4526.869938","    4439.851163","    4400.778477","    4411.137441","    4489.971282","  134931.545143"
"YOLO","Non-Residential","    1173.584759","    1227.356509","    1190.269028","    1162.330482","    1147.703258","    1104.052133","    1163.952878","    1111.558552","    1130.576453","    1200.671897","    1204.990746","    1052.638249","     947.171226","    1077.011295","     935.803159","    1013.238930","    1006.394330","     929.368717","     890.653321","     891.740006","     852.738404","     857.379679","     821.724037","     780.289657","     777.073510","     780.064748","   26430.335963"
"YOLO","Residential","     517.546701","     506.128669","     510.146520","     513.311940","     500.617565","     494.862697","     515.053650","     508.407688","     498.707089","     512.018010","     492.689533","     474.074862","     473.636388","     437.457004","     416.874597","     444.365131","     414.623794","     407.010948","     401.931353","     395.182263","     364.965623","     362.160463","     366.895768","     366.594257","     361.263298","     361.662528","   11618.188339"
"YOLO","Total","    1691.131460","    1733.485178","    1700.415547","    1675.642423","    1648.320823","    1598.914829","    1679.006529","    1619.966240","    1629.283542","    1712.689907","    1697.680279","    1526.713111","    1420.807614","    1514.468298","    1352.677756","    1457.604061","    1421.018123","    1336.379665","    1292.584674","    1286.922268","    1217.704027","    1219.540142","    1188.619806","    1146.883915","    1138.336808","    1141.727276","   38048.524301"
"YUBA","Non-Residential","     267.481686","     274.782317","     276.995438","     266.036208","     262.505429","     261.496521","     307.008370","     263.233256","     276.502952","     339.462238","     334.822025","     290.965118","     206.742143","     457.177985","     348.966719","     350.347205","     432.429536","     297.660156","     291.679399","     306.485791","     284.006126","     303.530840","     289.966296","     322.863967","     323.934790","     310.463080","    7947.545591"
"YUBA","Residential","     214.334057","     213.970193","     212.281021","     215.807737","     208.975599","     203.878362","     205.425032","     200.210233","     198.745291","     193.727710","     183.320110","     171.595309","     158.214987","     154.462422","     148.307495","     155.190204","     150.149988","     148.137569","     146.173412","     148.199468","     139.638867","     141.866205","     140.554885","     141.721570","     139.556078","     137.659067","    4472.102871"
"YUBA","Total","     481.815743","     488.752509","     489.276458","     481.843945","     471.481028","     465.374882","     512.433402","     463.443489","     475.248243","     533.189948","     518.142135","     462.560427","     364.957129","     611.640406","     497.274214","     505.537409","     582.579524","     445.797724","     437.852811","     454.685259","     423.644993","     445.397045","     430.521181","     464.585537","     463.490868","     448.122147","   12419.648456"
