County,Sector,2015,2014,2013,2012,2011,2010,2009,2008,2007,2006,2005,2004,2003,2002,2001,2000,1999,1998,1997,1996,1995,1994,1993,1992,1991,1990,Total Usage
ALAMEDA,Non-Residential,161.594634,169.811343,184.603817,175.772119,175.197235,184.174816,185.05431,197.672918,203.730165,206.041689,226.431243,263.121853,248.496121,234.18459,196.407003,203.498498,216.276212,210.857229,217.086971,211.989991,209.008506,212.099068,208.931295,191.213049,222.319795,236.767854,5352.342324
ALAMEDA,Residential,193.358706,191.247913,238.289446,232.297867,245.329593,238.806191,235.773686,239.062005,239.038531,235.534915,227.652802,238.993974,241.867356,152.816232,200.251346,266.996241,300.559941,275.692803,245.157358,245.65934,246.393577,254.727185,263.701703,242.63482,277.624331,272.442934,6241.910796
ALAMEDA,Total,354.953341,361.059255,422.893263,408.069986,420.526828,422.981007,420.827996,436.734923,442.768696,441.576604,454.084045,502.115827,490.363477,387.000822,396.658349,470.494739,516.836153,486.550032,462.244329,457.649331,455.402083,466.826253,472.632998,433.847869,499.944126,509.210788,11594.25312
AMADOR,Non-Residential,3.104678,3.362008,6.327871,5.620708,6.407966,7.10151,6.929982,6.37655,6.202621,7.307718,7.867721,14.896736,8.942975,10.641182,7.874664,6.508303,7.641425,6.953726,6.461154,6.876527,14.288198,12.385638,14.686538,12.236344,11.683278,11.453309,220.13933
AMADOR,Residential,1.88581,1.796621,2.175045,2.153382,2.388172,2.226319,2.241431,2.213983,2.210002,2.197794,1.968426,2.129429,3.109526,1.14193,1.43583,2.031853,2.156251,2.019799,1.841828,1.742106,1.74802,0.007249,1.829015,1.630337,1.755436,1.622863,49.658457
AMADOR,Total,4.990488,5.15863,8.502915,7.77409,8.796138,9.327829,9.171413,8.590533,8.412623,9.505512,9.836147,17.026165,12.052501,11.783112,9.310494,8.540156,9.797676,8.973525,8.302982,8.618633,16.036218,12.392887,16.515553,13.866681,13.438714,13.076172,269.797787
BUTTE,Non-Residential,16.522564,17.742912,18.422599,18.457184,17.697737,17.6815,17.458104,17.072846,16.860849,17.405531,15.609153,18.12528,19.489758,14.411248,11.476753,31.457511,40.004498,47.635421,31.622374,18.420145,17.370646,22.330633,21.250423,22.484976,20.587731,17.196024,544.7944
BUTTE,Residential,23.905526,24.205261,28.890442,28.607582,30.85991,29.602167,29.093374,29.351332,28.473254,28.914431,27.765773,29.21878,29.816735,17.323668,22.124962,31.227973,33.858301,31.610999,28.71389,28.552414,28.287369,30.541695,30.768761,27.531106,29.04816,28.300479,736.594344
BUTTE,Total,40.42809,41.948173,47.313041,47.064766,48.557647,47.283667,46.551478,46.424178,45.334103,46.319962,43.374926,47.34406,49.306493,31.734916,33.601715,62.685484,73.862799,79.24642,60.336264,46.972559,45.658015,52.872328,52.019184,50.016082,49.635891,45.496503,1281.388744
CALAVERAS,Non-Residential,0.552358,0.463149,0.541592,0.477773,0.505861,0.460066,0.5401,0.582361,0.523434,0.499944,0.748411,0.761042,0.503471,0.394118,0.313916,0.478883,0.490136,0.470398,0.446327,0.398763,0.416781,0.401141,0.379944,0.327601,0.341145,0.354752,12.373467
CALAVERAS,Residential,0.436864,0.356257,0.498476,0.464472,0.499225,0.434908,0.479464,0.52974,0.492916,0.490135,0.4832,0.485246,1.452446,0.264323,0.330369,0.519207,0.567756,0.520312,0.46217,0.462548,0.464256,0.521145,0.505485,0.459707,0.452245,0.419101,13.051973
CALAVERAS,Total,0.989222,0.819407,1.040067,0.942245,1.005086,0.894974,1.019564,1.112101,1.01635,0.990079,1.231611,1.246288,1.955917,0.658441,0.644285,0.99809,1.057892,0.99071,0.908497,0.861311,0.881037,0.922286,0.885429,0.787308,0.79339,0.773853,25.42544
COLUSA,Non-Residential,36.019755,28.606518,26.516133,26.535055,23.960111,17.642974,23.610051,26.538927,26.1136,24.062838,32.386783,38.854883,29.552231,39.677565,34.245424,38.239121,41.764167,38.714302,23.683899,20.24428,27.927137,41.579857,11.370888,17.841393,15.681702,15.120288,726.489882
COLUSA,Residential,1.907604,1.87758,2.268217,2.250606,2.448566,2.39451,2.322075,2.309928,2.24976,2.298291,2.204896,2.199345,3.805061,1.266995,1.644887,2.334969,2.575878,2.407111,2.188864,2.19854,2.200705,2.354861,2.372283,2.117536,2.267584,2.216239,58.682891
COLUSA,Total,37.927359,30.484098,28.78435,28.785661,26.408677,20.037484,25.932126,28.848855,28.36336,26.361129,34.591679,41.054228,33.357292,40.94456,35.890311,40.57409,44.340045,41.121413,25.872763,22.44282,30.127842,43.934718,13.743171,19.958929,17.949286,17.336527,785.172773
CONTRA COSTA,Non-Residential,934.731221,950.172157,901.00887,959.221896,923.547937,830.458365,802.579414,802.18301,671.583864,914.965773,350.382342,336.034436,157.365936,183.75152,411.052748,871.986104,793.64598,900.79942,994.447636,1018.62478,787.855818,670.852013,610.839154,552.327017,623.229657,706.668622,18660.31569
CONTRA COSTA,Residential,152.683103,148.652346,185.278993,179.469806,194.770744,187.190384,182.204595,183.18463,180.196309,181.074987,176.012403,182.308173,182.093932,112.933465,144.033021,196.239044,219.34869,200.070839,176.679238,174.411677,173.08394,201.045,191.646322,172.66535,191.846392,189.442911,4658.566294
CONTRA COSTA,Total,1087.414324,1098.824503,1086.287864,1138.691702,1118.318681,1017.648749,984.784009,985.36764,851.780173,1096.04076,526.394745,518.342609,339.459868,296.684985,555.085769,1068.225148,1012.99467,1100.870259,1171.126874,1193.036457,960.939758,871.897013,802.485476,724.992367,815.076049,896.111533,23318.88199
EL DORADO,Non-Residential,8.604722,8.184275,8.455487,7.877407,8.740643,8.304478,8.944815,8.785793,1.175366,1.128585,3.533466,1.644743,5.590215,5.893229,6.297012,2.017893,6.655649,6.649528,7.352949,9.10585,7.064968,1.752232,1.536729,1.419075,1.542917,7.812037,146.070063
EL DORADO,Residential,20.28784,19.276144,22.932242,21.571106,24.220476,23.027734,22.591426,22.425352,7.035172,7.039475,14.029931,20.902668,20.460549,852.420322,427.096621,3.927693,89.187045,93.661866,78.924464,72.575583,72.665025,14.119801,1.667581,1.368258,1.214835,0.904081,1955.53329
EL DORADO,Total,28.892562,27.460419,31.387729,29.448513,32.961119,31.332212,31.536241,31.211145,8.210538,8.16806,17.563397,22.547411,26.050764,858.313551,433.393633,5.945586,95.842694,100.311394,86.277413,81.681433,79.729993,15.872033,3.20431,2.787333,2.757752,8.716118,2101.603353
FRESNO,Non-Residential,200.564074,196.348184,173.391916,176.674523,173.072083,170.691108,161.03677,168.075877,166.729479,157.406057,213.218501,214.065357,163.772489,199.292619,183.587681,223.32776,255.287139,295.487048,202.111125,153.755979,194.166499,189.119269,189.090463,208.925492,357.007971,268.787109,5254.992572
FRESNO,Residential,97.466723,94.600328,111.74195,110.680174,117.879175,114.489939,113.785693,112.787776,114.796848,112.688291,108.364125,113.273304,110.708814,68.204512,87.693297,113.449838,129.252089,124.070959,103.45696,109.102238,104.311545,117.240878,110.497615,105.502396,111.769799,111.82555,2829.640816
FRESNO,Total,298.030798,290.948512,285.133866,287.354697,290.951258,285.181047,274.822463,280.863653,281.526327,270.094348,321.582626,327.338661,274.481303,267.497131,271.280978,336.777598,384.539228,419.558007,305.568085,262.858217,298.478044,306.360147,299.588078,314.427888,468.77777,380.612659,8084.633389
GLENN,Non-Residential,6.159543,5.767923,5.451086,5.143998,5.681864,5.249089,5.602193,5.202944,5.795996,6.262008,9.290547,8.035894,16.71839,10.011968,10.881281,9.074685,7.272838,7.582177,7.831329,9.981878,19.931279,18.73976,12.21168,10.257001,12.259358,12.367859,238.764568
GLENN,Residential,2.172447,2.139741,2.643722,2.560315,2.751844,2.677627,2.615248,2.67997,2.508278,2.595145,2.690727,2.603723,3.621701,1.54436,2.018227,2.869952,3.242186,3.205181,2.775647,2.795246,2.808333,2.952193,2.987111,2.702435,2.906488,2.834615,69.902462
GLENN,Total,8.33199,7.907665,8.094808,7.704313,8.433708,7.926716,8.217441,7.882914,8.304274,8.857153,11.981274,10.639617,20.340091,11.556328,12.899508,11.944637,10.515024,10.787358,10.606976,12.777124,22.739612,21.691953,15.198791,12.959436,15.165846,15.202474,308.667031
HUMBOLDT,Non-Residential,11.457358,11.211082,13.102212,13.18656,12.130573,11.569461,11.833757,17.550105,18.46676,19.679999,17.58226,17.802573,13.051717,14.833249,10.863141,27.127999,30.252811,26.594173,25.197541,26.16409,29.641252,22.370778,30.35814,45.596678,32.734436,32.609232,542.967937
HUMBOLDT,Residential,17.32082,17.469944,22.093899,21.54765,21.72082,21.245316,21.668608,22.463955,21.141401,20.640836,20.181382,20.024936,21.012431,12.948145,16.734072,22.931266,25.543291,23.226602,20.794905,20.856598,20.30295,22.336922,22.493743,19.501802,22.530913,21.367657,540.100864
HUMBOLDT,Total,28.778178,28.681025,35.196111,34.73421,33.851393,32.814777,33.502365,40.01406,39.608161,40.320835,37.763642,37.827509,34.064148,27.781394,27.597213,50.059265,55.796102,49.820775,45.992446,47.020688,49.944202,44.7077,52.851883,65.09848,55.265349,53.976889,1083.0688
IMPERIAL,Non-Residential,24.231166,26.341111,29.198139,29.93369,23.93623,23.23026,22.161078,29.528366,34.845945,36.959919,101.060013,95.767244,84.332726,17.81562,7.724293,28.240286,24.667791,22.659882,15.23608,17.588238,12.012264,13.216722,11.824638,8.209323,11.005688,11.66287,763.389582
IMPERIAL,Residential,7.278246,7.263473,7.947441,7.61885,7.844094,7.765831,7.607385,7.790915,7.779456,7.238833,6.99012,7.203241,6.790266,6.721814,6.427515,6.710079,6.890899,6.939372,6.405122,6.386606,6.468155,7.00605,6.777631,6.723346,6.739687,6.540236,183.854663
IMPERIAL,Total,31.509412,33.604584,37.14558,37.55254,31.780324,30.996091,29.768463,37.319281,42.625401,44.198752,108.050133,102.970485,91.122992,24.537434,14.151808,34.950365,31.55869,29.599254,21.641202,23.974844,18.480419,20.222772,18.602269,14.932669,17.745375,18.203106,947.244245
KERN,Non-Residential,335.282336,343.579653,340.252551,2345.58781,2278.662115,2227.560853,2395.377297,2767.692312,2408.253141,2332.843935,2540.014724,2723.403018,2690.148897,2304.386784,2622.21925,2454.341788,2666.682984,2969.873161,3267.928003,2594.754436,2429.671442,1943.217237,2078.788307,2530.627411,2326.646134,2412.659895,58330.45547
KERN,Residential,88.872363,85.636394,103.002029,99.266742,107.159191,102.401604,102.478284,100.06095,101.248197,95.803459,92.580554,99.870458,95.541212,73.367116,82.130594,97.532887,107.134369,105.036435,91.444439,90.135841,87.51603,99.562559,94.602846,92.784981,97.145794,95.638812,2487.95414
KERN,Total,424.1547,429.216047,443.25458,2444.854552,2385.821306,2329.962457,2497.855581,2867.753262,2509.501338,2428.647394,2632.595278,2823.273476,2785.690109,2377.7539,2704.349844,2551.874675,2773.817353,3074.909596,3359.372442,2684.890277,2517.187472,2042.779796,2173.391153,2623.412392,2423.791928,2508.298707,60818.40962
KINGS,Non-Residential,53.838031,53.315617,54.312883,52.359546,54.426156,53.560155,52.573904,53.590877,47.928751,44.948597,36.303123,42.327832,41.956916,57.583926,44.372104,25.021148,25.852147,20.662298,17.013121,17.630718,11.944465,16.897477,13.804543,12.697243,17.262487,19.933312,942.117377
KINGS,Residential,13.581194,13.056814,15.260776,15.151474,16.513238,15.677417,15.922447,15.796419,15.75215,15.235408,14.682053,15.653613,15.7671,14.253036,14.1545,15.374951,16.215147,15.302725,13.18193,13.69377,14.264433,15.466187,15.060959,15.830959,15.928169,15.604855,392.381724
KINGS,Total,67.419225,66.372432,69.573659,67.51102,70.939394,69.237572,68.496351,69.387296,63.680901,60.184005,50.985176,57.981445,57.724016,71.836962,58.526604,40.396099,42.067294,35.965023,30.195051,31.324488,26.208898,32.363664,28.865502,28.528202,33.190656,35.538167,1334.499102
LAKE,Non-Residential,,,0,,,,,,,,,,,,,,,,,,,,,,,,
LAKE,Residential,,,0.000321,,,,,,,,,,,,,,,,,,,,,,,,
LAKE,Total,,,0.000321,,,,,,,,,,,,,,,,,,,,,,,,
LASSEN,Non-Residential,0.814387,0.003571,0.000148,,,,,,,,,,,,,,,,,,,,,,,,
LASSEN,Residential,0.714027,0.002235,0.000025,,,,,,,,,,,,,,,,,,,,,,,,
LASSEN,Total,1.528414,0.005807,0.000173,,,,,,,,,,,,,,,,,,,,,,,,
LOS ANGELES,Non-Residential,1739.00073,1779.247294,1807.953824,1712.537063,1692.697175,1776.334056,1656.444381,1700.195744,1661.311285,1672.769476,1577.535239,1559.338322,1586.884732,1981.665996,1703.529454,1873.993026,1870.239149,1770.344735,1374.175602,1403.489541,1081.843769,1132.739663,1055.152133,737.772619,1098.137117,1194.239985,40199.57211
LOS ANGELES,Residential,1084.348755,1078.297874,1321.448847,1280.303974,1368.529179,1348.11123,1298.517882,1310.341993,1329.031889,1328.203175,1338.521972,1421.285951,1365.088617,1464.491897,1466.405477,1456.173789,1546.087859,1524.128973,1322.845017,1356.681188,1347.274026,1461.514092,1452.094106,1499.307637,1506.718201,1514.96816,35790.72176
LOS ANGELES,Total,2823.349485,2857.545169,3129.402671,2992.841037,3061.226353,3124.445285,2954.962263,3010.537737,2990.343174,3000.972651,2916.057211,2980.624274,2951.973349,3446.157893,3169.934931,3330.166815,3416.327008,3294.473708,2697.020619,2760.170729,2429.117795,2594.253755,2507.246239,2237.080256,2604.855318,2709.208145,75990.29387
MADERA,Non-Residential,43.571357,40.663561,37.777529,37.50978,36.948683,35.810549,36.751134,46.152244,42.076168,40.485775,41.510095,36.521723,46.425132,63.372123,92.356449,44.358721,55.659647,59.225113,52.766211,38.789486,40.694617,42.003376,39.996637,38.079587,53.31361,34.617953,1177.43726
MADERA,Residential,7.678318,7.253987,8.825714,8.57923,9.155796,8.725981,8.704267,8.574913,8.580287,8.227056,7.64361,7.9448,8.750435,4.415438,5.718453,7.712236,8.73595,8.362661,7.283866,7.227813,6.936898,7.81989,7.252034,6.940269,7.352267,7.261396,201.663565
MADERA,Total,51.249675,47.917549,46.603244,46.08901,46.104479,44.53653,45.455401,54.727157,50.656455,48.712831,49.153705,44.466523,55.175567,67.787561,98.074902,52.070957,64.395597,67.587774,60.050077,46.017299,47.631515,49.823266,47.248671,45.019856,60.665877,41.879349,1379.100827
MARIN,Non-Residential,18.046389,18.609891,20.769259,20.07289,20.947139,21.960878,21.404192,21.409369,21.67077,21.951368,27.712719,26.591111,33.23333,23.555709,20.642077,21.394464,22.171269,21.251597,18.417093,18.218755,18.734839,20.181243,19.929011,18.401673,20.265652,20.777287,558.319974
MARIN,Residential,45.173576,44.248371,55.722328,55.392437,59.600901,57.302107,57.144213,57.58937,56.53949,57.378962,54.789954,55.851915,57.233555,36.077547,45.683778,64.095123,71.872556,67.710618,57.286345,60.830585,61.567513,66.011585,63.535396,57.657676,64.141661,63.441517,1493.879079
MARIN,Total,63.219964,62.858262,76.491587,75.465327,80.54804,79.262985,78.548405,78.998739,78.21026,79.33033,82.502673,82.443026,90.466885,59.633256,66.325855,85.489587,94.043825,88.962215,75.703438,79.04934,80.302352,86.192828,83.464407,76.059349,84.407313,84.218804,2052.199052
MENDOCINO,Non-Residential,3.963075,3.710323,4.180273,4.126918,4.274128,4.084786,3.798631,3.963399,4.428536,4.747991,7.412231,6.94469,5.467941,4.38913,6.855897,9.901542,12.727717,10.719922,14.40799,17.319069,19.528211,15.639117,14.660262,11.851359,8.536196,9.006582,216.645916
MENDOCINO,Residential,5.010654,5.200627,6.225712,6.217438,6.508691,6.428826,6.319576,6.555548,6.375087,6.391023,6.360933,6.238626,7.154289,3.771892,4.952342,6.856953,7.63585,7.321871,6.350299,6.286979,5.899939,6.779429,6.648213,5.842452,6.163655,5.870823,161.367727
MENDOCINO,Total,8.973729,8.910951,10.405985,10.344356,10.782819,10.513612,10.118207,10.518947,10.803623,11.139014,13.773164,13.183316,12.62223,8.161022,11.808239,16.758495,20.363567,18.041793,20.758289,23.606048,25.42815,22.418546,21.308475,17.693811,14.699851,14.877405,378.013644
MERCED,Non-Residential,103.441502,103.033504,96.286343,102.714238,97.568722,92.947153,98.598103,89.445754,90.739798,84.56782,106.516713,128.009961,82.121085,69.53692,30.275468,70.302844,77.146307,61.151958,64.138019,66.225173,58.852966,64.253726,51.543256,47.105602,54.511723,43.495817,2034.530475
MERCED,Residential,23.849454,22.948757,27.534022,26.852774,28.864362,27.145083,26.862567,27.0519,26.739226,25.904349,24.482099,25.749303,25.829775,14.813771,19.222349,25.208895,28.553617,26.857842,23.052067,22.884038,22.569238,26.232459,17.525226,23.618029,24.808577,24.525176,639.684955
MERCED,Total,127.290956,125.982261,123.820365,129.567012,126.433084,120.092236,125.46067,116.497654,117.479024,110.472169,130.998812,153.759264,107.95086,84.350691,49.497817,95.511739,105.699924,88.0098,87.190086,89.109211,81.422204,90.486185,69.068482,70.723631,79.3203,68.020993,2674.21543
MONTEREY,Non-Residential,55.643567,53.346086,54.017905,52.855128,53.539139,50.483888,49.811742,52.522323,52.306199,51.116961,35.906607,40.136331,52.62481,47.817489,38.524576,65.918494,86.614939,69.253693,71.829516,63.125132,63.31375,69.471731,72.128539,76.194058,89.642062,90.167396,1558.312061
MONTEREY,Residential,46.820736,46.70745,57.656584,56.961907,57.819404,58.015441,57.764077,59.124174,59.494954,57.572406,55.646468,58.094742,56.842933,36.104446,46.605036,62.553416,70.962683,65.225264,57.61048,57.396147,56.660479,66.435391,63.155559,61.212868,69.780456,64.352297,1506.575798
MONTEREY,Total,102.464303,100.053536,111.674489,109.817035,111.358543,108.499329,107.575819,111.646497,111.801153,108.689367,91.553075,98.231073,109.467743,83.921935,85.129612,128.47191,157.577622,134.478957,129.439996,120.521279,119.974229,135.907122,135.284098,137.406926,159.422518,154.519693,3064.887859
NAPA,Non-Residential,16.262142,16.404718,18.512238,19.015497,18.512531,17.418092,16.638273,16.701348,16.721339,16.033335,17.799732,23.032413,25.040613,21.155374,23.636929,15.738564,18.169492,22.976465,18.752584,12.957171,11.876458,13.378632,12.796928,12.593495,16.245814,16.814793,455.18497
NAPA,Residential,18.423409,18.568666,22.609452,22.135337,23.656281,22.752268,22.7199,21.936376,21.908589,22.078897,21.467741,21.54005,22.670393,13.463514,16.996019,23.439524,26.145908,25.283766,21.389691,21.377165,21.423554,25.099862,25.112973,23.334536,23.795402,23.095671,572.424944
NAPA,Total,34.685551,34.973384,41.12169,41.150834,42.168812,40.17036,39.358173,38.637724,38.629928,38.112232,39.267473,44.572463,47.711006,34.618888,40.632948,39.178088,44.3154,48.260231,40.142275,34.334336,33.300012,38.478494,37.909901,35.928031,40.041216,39.910464,1027.609914
NEVADA,Non-Residential,5.47784,5.325371,6.085481,5.483097,6.035041,5.705307,6.130955,6.535532,4.948981,3.37726,4.176202,3.460271,6.001014,3.221373,3.64992,2.912622,3.053434,3.099131,2.503061,2.330808,2.31245,2.544083,2.457192,2.017748,2.580192,2.413759,103.838125
NEVADA,Residential,11.674342,11.311529,13.163866,12.550058,14.141069,13.255661,12.758418,13.071993,12.341271,6.297956,5.725716,6.027342,7.077542,3.397948,4.365562,6.149776,6.338513,6.563588,5.142596,4.885067,4.75575,5.246701,4.979005,4.176969,4.306818,3.842965,203.548021
NEVADA,Total,17.152182,16.6369,19.249347,18.033155,20.17611,18.960968,18.889373,19.607525,17.290252,9.675216,9.901918,9.487613,13.078556,6.619321,8.015482,9.062398,9.391947,9.662719,7.645657,7.215875,7.0682,7.790784,7.436197,6.194717,6.88701,6.256724,307.386146
ORANGE,Non-Residential,233.788529,231.049307,243.376705,228.00625,231.260875,235.510806,228.866178,238.561946,251.370505,252.057651,285.379882,280.968485,303.728002,380.971054,316.44601,223.097349,233.63714,215.00939,171.712395,162.63381,140.936381,148.417663,138.640778,95.408385,131.936638,153.620321,5756.392435
ORANGE,Residential,316.917643,319.182227,397.971459,381.525333,407.680578,404.664819,386.279255,396.043775,404.417904,399.021084,395.782705,421.254583,403.598314,411.094764,438.210607,434.460828,478.501216,450.343517,396.536106,403.72909,397.462416,430.515605,414.782164,432.281199,433.331905,431.894754,10587.48385
ORANGE,Total,550.706172,550.231534,641.348164,609.531583,638.941453,640.175625,615.145433,634.605721,655.788409,651.078735,681.162587,702.223068,707.326316,792.065818,754.656617,657.558177,712.138356,665.352907,568.248501,566.3629,538.398797,578.933268,553.422942,527.689584,565.268543,585.515075,16343.87629
PLACER,Non-Residential,25.405885,24.738179,28.209313,26.84036,28.905967,29.758831,29.547508,31.037436,49.416883,49.539959,59.223576,57.895202,48.108203,39.620472,18.277503,38.668399,28.624031,27.733144,24.216481,21.441569,19.665914,20.133308,21.602168,18.335961,22.006729,22.016487,810.969468
PLACER,Residential,53.368119,50.983037,62.016737,59.852204,65.145637,61.69758,60.330452,59.431686,76.091989,78.466788,68.312109,61.890007,58.363557,38.174235,41.798487,56.647905,39.775906,36.972241,29.824458,28.691913,26.495154,37.651215,35.891028,30.693564,32.389337,31.628462,1282.583807
PLACER,Total,78.774004,75.721216,90.22605,86.692564,94.051604,91.456411,89.87796,90.469122,125.508872,128.006747,127.535685,119.785209,106.47176,77.794707,60.07599,95.316304,68.399937,64.705385,54.040939,50.133482,46.161068,57.784523,57.493196,49.029525,54.396066,53.644949,2093.553275
RIVERSIDE,Non-Residential,131.817854,126.517527,133.048236,125.596694,132.710948,135.173819,130.74357,141.79918,158.273387,151.273646,162.006085,149.779322,164.220204,221.854688,194.774713,116.656841,116.034065,108.182232,100.748257,87.829051,74.601054,93.29152,85.508798,55.037152,77.672857,87.872961,3263.024661
RIVERSIDE,Residential,224.847393,207.34392,253.347543,242.957288,269.219178,267.215376,257.963404,272.664672,274.388587,265.250004,260.326198,269.336016,246.359744,243.272348,241.321291,236.241273,245.42819,243.040286,209.319444,204.665326,205.960491,223.088276,217.300364,216.986649,217.514096,207.699728,6223.057085
RIVERSIDE,Total,356.665247,333.861447,386.395779,368.553982,401.930126,402.389195,388.706974,414.463852,432.661974,416.52365,422.332283,419.115338,410.579948,465.127036,436.096004,352.898114,361.462255,351.222518,310.067701,292.494377,280.561545,316.379796,302.809162,272.023801,295.186953,295.572689,9486.081746
SACRAMENTO,Non-Residential,101.971186,99.995722,106.040422,99.238233,101.085975,99.678325,99.966553,101.33891,105.485753,106.321942,98.184819,91.897319,114.0115,105.971946,103.203931,104.186961,104.967154,101.493961,109.251559,113.811381,122.322276,126.819437,129.416935,135.809742,140.119896,145.416005,2868.007843
SACRAMENTO,Residential,176.522484,172.920651,209.65881,204.645173,220.407313,210.904743,211.280906,206.653255,204.909738,204.637455,196.757691,201.978905,201.901691,122.76049,154.8872,206.532034,226.959092,221.155224,189.613766,190.461987,188.459188,210.457721,205.945657,188.638076,204.646175,195.242075,5128.9375
SACRAMENTO,Total,278.493671,272.916373,315.699232,303.883406,321.493288,310.583068,311.247459,307.992165,310.395491,310.959397,294.94251,293.876224,315.913191,228.732436,258.091131,310.718995,331.926246,322.649185,298.865325,304.273368,310.781464,337.277158,335.362592,324.447818,344.766071,340.65808,7996.945344
SAN BENITO,Non-Residential,7.139173,6.647981,6.70526,6.946851,6.555291,6.573619,6.582043,6.858301,8.158806,9.318643,18.825059,16.567768,10.976007,9.247581,15.16523,10.795836,10.998087,9.658965,8.530406,10.560892,9.287332,9.913508,9.423909,8.405766,10.987451,12.440253,253.270018
SAN BENITO,Residential,5.773879,5.520497,6.900931,6.636292,6.829514,6.765353,6.63106,6.729063,6.865349,6.806168,6.460231,6.944888,7.769993,4.26818,5.397983,7.126485,7.733951,7.036741,5.782821,5.518178,5.216757,6.031427,5.438498,4.898875,5.40569,5.038302,161.527106
SAN BENITO,Total,12.913052,12.168478,13.606191,13.583143,13.384805,13.338972,13.213103,13.587364,15.024155,16.124811,25.28529,23.512656,18.746,13.515761,20.563213,17.922321,18.732038,16.695706,14.313227,16.07907,14.504089,15.944935,14.862407,13.304641,16.393141,17.478555,414.797124
SAN BERNARDINO,Non-Residential,246.391937,237.130822,240.408195,237.225061,245.178934,232.574247,207.011595,237.195104,269.215506,289.24152,336.307817,293.208852,315.108144,273.493966,247.191746,550.214477,304.549993,285.071409,260.935557,267.813965,236.594536,257.082544,212.908414,189.38977,273.616187,272.317615,7017.377913
SAN BERNARDINO,Residential,223.939132,213.697183,262.938723,249.449765,271.01506,268.952945,256.151352,259.203544,258.420091,263.952064,262.285707,280.222265,259.676541,255.453661,260.996079,263.264073,218.835011,225.180605,193.418344,192.18751,194.540583,265.280625,270.918232,270.642561,264.71449,268.324216,6473.660362
SAN BERNARDINO,Total,470.331069,450.828005,503.346918,486.674826,516.193994,501.527192,463.162947,496.398648,527.635597,553.193584,598.593524,573.431117,574.784685,528.947627,508.187825,813.47855,523.385004,510.252014,454.353901,460.001475,431.135119,522.363169,483.826646,460.032331,538.330677,540.641831,13491.03828
SAN DIEGO,Non-Residential,208.874016,205.033963,219.498705,203.503272,201.909294,222.87116,206.135686,216.67299,215.129644,228.87668,208.857734,209.19974,210.960601,218.322971,214.662601,225.222709,233.82561,222.670719,212.806401,210.278955,205.202145,193.89021,321.351325,272.176269,252.946125,379.281267,5920.160792
SAN DIEGO,Residential,255.632102,256.576175,318.306133,311.180546,326.95061,337.913996,308.74749,324.69277,331.901692,345.376492,320.84,341.77,322.31,340.83,344.54,340.24,382.204392,355.593127,315.589284,317.043317,316.193149,343.816395,327.053252,313.662931,335.282095,337.914904,8472.160852
SAN DIEGO,Total,464.506118,461.610138,537.804838,514.683818,528.859904,560.785156,514.883176,541.36576,547.031336,574.253172,529.697734,550.96974,533.270601,559.152971,559.202601,565.462709,616.030002,578.263846,528.395685,527.322272,521.395294,537.706605,648.404577,585.8392,588.22822,717.196171,14392.32164
SAN FRANCISCO,Non-Residential,91.686596,96.020665,106.753439,107.057952,108.518331,110.120468,107.644075,110.128535,104.237182,110.133557,138.671386,124.87259,122.453613,199.10582,187.817096,98.070998,99.302303,94.205421,94.755412,92.660073,89.679705,96.203526,96.000715,90.801267,110.165013,112.710467,2899.776205
SAN FRANCISCO,Residential,121.867449,123.893148,149.963921,149.971624,153.271301,153.358458,152.136445,155.295303,152.228651,148.09414,144.931239,148.077488,149.918235,96.709859,126.7927,166.17125,187.2256,174.361865,156.122479,161.640346,162.252996,179.539688,167.783117,159.423291,184.028297,181.281991,4006.340881
SAN FRANCISCO,Total,213.554045,219.913812,256.71736,257.029576,261.789632,263.478926,259.78052,265.423838,256.465833,258.227697,283.602625,272.950078,272.371848,295.815679,314.609796,264.242248,286.527903,268.567286,250.877891,254.300419,251.932701,275.743214,263.783832,250.224558,294.19331,293.992458,6906.117085
SAN JOAQUIN,Non-Residential,113.874855,119.151518,142.348635,128.861048,119.051267,106.800302,107.905163,115.462107,115.28527,115.239298,118.800656,148.577862,190.93145,188.001363,206.686659,170.221357,187.691606,195.70126,170.944055,192.644697,185.725292,193.04952,195.569395,167.206541,190.626838,212.513963,4098.871977
SAN JOAQUIN,Residential,79.106618,77.098083,92.765085,90.497134,97.91501,93.210277,92.020825,90.908499,90.234114,89.366339,86.638614,89.951123,87.232303,52.740741,67.37172,88.576833,98.076037,94.0541,80.332182,79.755009,77.534089,89.824526,85.776358,79.108908,85.167464,85.254213,2220.516204
SAN JOAQUIN,Total,192.981474,196.249601,235.11372,219.358182,216.966277,200.010579,199.925988,206.370606,205.519384,204.605637,205.43927,238.528985,278.163753,240.742104,274.058379,258.79819,285.767643,289.75536,251.276237,272.399706,263.259381,282.874046,281.345753,246.315449,275.794302,297.768176,6319.388182
SAN LUIS OBISPO,Non-Residential,45.338664,44.202841,44.280112,36.870213,32.808141,34.375776,37.265959,35.602386,40.620458,40.544451,25.848567,26.501642,31.199965,44.20169,30.825167,37.412395,39.335643,28.649625,35.097787,22.623337,15.69896,17.29369,17.635416,12.295066,20.692337,20.790278,818.010566
SAN LUIS OBISPO,Residential,32.361262,32.755093,40.847074,39.996303,41.236395,40.525835,39.781484,40.086958,40.846126,39.714431,37.760996,39.950911,38.28644,39.204497,38.303857,38.95628,42.164679,39.315403,33.228611,33.585155,32.8109,35.547725,33.306905,35.57974,35.670225,33.837026,975.660311
SAN LUIS OBISPO,Total,77.699926,76.957934,85.127186,76.866516,74.044536,74.901611,77.047443,75.689344,81.466584,80.258882,63.609563,66.452553,69.486405,83.406187,69.129024,76.368675,81.500322,67.965028,68.326398,56.208492,48.50986,52.841415,50.942321,47.874806,56.362562,54.627304,1793.670877
SAN MATEO,Non-Residential,88.476311,87.335184,95.736953,92.415286,90.718895,88.254246,89.085984,93.103539,92.602629,88.133076,89.728317,96.673639,97.557617,73.892066,67.109619,77.295377,81.221297,75.800997,72.37282,69.022432,68.477164,74.516335,70.740849,65.83116,75.289356,78.020013,2139.411161
SAN MATEO,Residential,105.431449,105.403124,131.951385,130.041199,135.392178,132.710927,132.070337,136.422817,133.221491,130.010184,127.198326,132.216255,133.734338,85.779037,111.593218,150.465176,171.361806,159.366244,138.620398,138.210056,138.481438,158.774703,147.277774,134.647302,155.333803,152.072946,3507.787911
SAN MATEO,Total,193.90776,192.738308,227.688338,222.456485,226.111073,220.965173,221.156321,229.526356,225.82412,218.14326,216.926643,228.889894,231.291955,159.671103,178.702837,227.760553,252.583103,235.167241,210.993218,207.232488,206.958602,233.291038,218.018623,200.478462,230.623159,230.092959,5647.199072
SANTA BARBARA,Non-Residential,65.750901,72.762384,72.604756,59.926524,59.531042,60.769576,59.182014,58.667494,63.721376,62.897845,36.030068,47.245893,34.866709,53.649276,46.279891,68.862539,73.631999,84.69129,56.105895,70.866931,65.370162,70.736073,56.451562,38.270853,45.044981,67.183469,1551.101503
SANTA BARBARA,Residential,49.660443,50.768983,64.324758,62.634117,65.888375,65.881014,64.060114,64.583269,66.993808,64.511235,61.371479,63.114691,60.137815,66.030362,68.227157,69.024877,73.966173,70.757956,62.106931,66.872547,60.207128,65.213985,66.620027,65.339932,65.498748,64.070453,1667.866377
SANTA BARBARA,Total,115.411344,123.531367,136.929514,122.560641,125.419417,126.65059,123.242128,123.250763,130.715184,127.40908,97.401547,110.360584,95.004524,119.679638,114.507048,137.887416,147.598172,155.449246,118.212826,137.739478,125.57729,135.950058,123.071589,103.610785,110.543729,131.253922,3218.96788
SANTA CLARA,Non-Residential,195.343683,188.826768,199.901497,192.98391,194.364514,186.108413,189.786904,199.541568,209.60817,262.792968,247.393966,232.714292,270.039924,234.958565,198.376159,204.929066,225.258094,218.337641,208.046836,209.054601,207.453995,219.898726,222.399694,204.928948,248.410015,268.437503,5639.89642
SANTA CLARA,Residential,215.553886,213.707978,265.259017,257.391189,271.397613,260.316953,264.169298,268.636401,263.516235,259.615326,238.817022,262.416512,267.835191,166.376609,222.767742,291.900213,329.242637,314.474241,272.267105,267.157785,268.568954,309.191023,294.863134,271.136314,298.293577,292.623781,6907.495736
SANTA CLARA,Total,410.897569,402.534747,465.160514,450.375099,465.762127,446.425366,453.956202,468.177969,473.124405,522.408294,486.210988,495.130804,537.875115,401.335174,421.143901,496.829279,554.500731,532.811882,480.313941,476.212386,476.022949,529.089749,517.262828,476.065262,546.703592,561.061284,12547.39216
SANTA CRUZ,Non-Residential,20.900714,19.764565,21.741869,20.917107,20.795819,20.774156,20.380079,21.261642,22.418499,24.334607,28.401302,29.217629,30.243579,25.163917,22.550682,26.541656,30.08937,29.049212,27.181237,28.882147,28.692695,33.013359,28.250331,26.495444,32.84942,33.156915,673.067952
SANTA CRUZ,Residential,29.390029,29.086956,36.515453,36.017059,37.220717,36.628539,36.178744,36.662417,36.264032,35.988283,33.979686,36.065234,36.369751,22.94243,29.637124,39.612566,44.951498,41.39443,35.798667,36.487623,35.568159,41.694786,39.625702,35.826747,39.773352,37.906376,937.58636
SANTA CRUZ,Total,50.290743,48.851521,58.257322,56.934166,58.016536,57.402695,56.558823,57.924059,58.682531,60.32289,62.380988,65.282863,66.61333,48.106347,52.187806,66.154222,75.040868,70.443642,62.979904,65.36977,64.260854,74.708145,67.876033,62.322191,72.622772,71.063291,1610.654312
SHASTA,Non-Residential,14.606272,12.975821,15.207158,17.051186,13.635504,13.824535,14.000298,15.810112,17.241051,18.432293,22.685974,29.202075,9.535436,12.372534,11.270325,16.488466,18.02772,22.623418,23.915598,50.8537,65.481203,44.674086,40.990471,23.794925,26.173468,29.843126,600.716755
SHASTA,Residential,15.747954,15.88541,19.202427,19.437344,20.617199,20.268425,19.314924,20.38397,18.929811,20.067617,18.842366,19.314867,20.639208,11.112215,14.346819,19.402261,20.976345,20.945126,17.45107,17.856234,17.231808,18.124882,18.455936,15.469686,15.740781,14.314728,470.079413
SHASTA,Total,30.354226,28.861231,34.409586,36.48853,34.252703,34.09296,33.315222,36.194082,36.170862,38.49991,41.52834,48.516942,30.174644,23.484749,25.617144,35.890727,39.004065,43.568544,41.366668,68.709934,82.713011,62.798968,59.446407,39.264611,41.914249,44.157854,1070.796169
SIERRA,Non-Residential,,,,,,,,,1.54072,1.54072,1.559264,1.312376,0.931484,0.593351,1.056598,,0.289006,0.351925,0.136093,0.195369,0.228361,0.278693,0.238924,0.093421,0.167874,0.1473,
SIERRA,Residential,,,,,,,,,0,0,0,0,0,0,0,,0,0,0,0,0,0,0,0,0,0,
SIERRA,Total,,,,,,,,,1.54072,1.54072,1.559264,1.312376,0.931484,0.593351,1.056598,,0.289006,0.351925,0.136093,0.195369,0.228361,0.278693,0.238924,0.093421,0.167874,0.1473,
SOLANO,Non-Residential,170.761592,179.358677,154.443015,167.716463,150.315766,172.236646,164.30101,183.243894,171.287707,140.713705,357.008465,337.846428,550.529685,544.070243,561.80069,148.801319,240.358413,259.442424,186.343475,168.876508,218.574146,253.129202,241.990038,142.845606,197.167199,231.525479,6294.687795
SOLANO,Residential,51.421161,50.10469,61.299689,60.304509,65.700384,62.513959,61.394958,61.720797,60.148683,61.166854,58.388843,61.284381,63.004462,37.252583,48.108519,65.277046,73.225344,69.083617,57.687632,57.834664,57.929329,66.78384,64.564257,57.517939,63.373731,62.24083,1559.332701
SOLANO,Total,222.182754,229.463367,215.742704,228.020972,216.01615,234.750605,225.695968,244.964691,231.43639,201.880559,415.397308,399.130809,613.534147,581.322826,609.909209,214.078365,313.583757,328.526041,244.031107,226.711172,276.503475,319.913042,306.554295,200.363545,260.54093,293.766309,7854.020497
SONOMA,Non-Residential,38.118818,38.380771,40.187503,38.279678,37.088942,36.982465,36.756459,37.456682,37.273374,37.613786,37.622573,39.827454,45.679378,38.704625,40.209986,36.066585,37.917756,35.950492,32.772895,30.019306,30.757693,33.584426,32.664334,30.594083,33.388331,33.265942,947.164337
SONOMA,Residential,63.323532,63.747767,78.445545,76.332353,80.358746,77.825621,77.930383,79.022067,76.15529,77.895717,73.914422,76.264014,78.68706,47.105648,60.53173,83.034502,92.475835,86.917537,73.092921,72.375342,72.570775,85.377834,81.729536,73.880733,79.247514,76.073933,1964.316357
SONOMA,Total,101.44235,102.128538,118.633048,114.612031,117.447688,114.808086,114.686842,116.478749,113.428664,115.509503,111.536995,116.091468,124.366438,85.810273,100.741716,119.101087,130.393591,122.868029,105.865816,102.394648,103.328468,118.96226,114.39387,104.474816,112.635845,109.339875,2911.480694
STANISLAUS,Non-Residential,124.600446,129.122542,121.499578,123.503381,109.411087,108.362304,110.446181,112.319669,115.062423,110.881723,207.64147,191.604182,162.621552,245.168486,156.502065,152.785705,135.167812,127.626244,126.944382,123.128703,119.04473,117.663803,112.099675,98.525106,103.451055,97.12475,3442.309054
STANISLAUS,Residential,56.834968,55.15379,66.601941,64.838643,69.601388,66.460442,66.377219,66.27918,66.133185,65.978634,63.366372,66.639507,66.591164,40.253967,51.378265,67.498875,75.787582,72.91391,61.845415,61.43005,60.046436,69.620268,65.067125,60.487652,65.182724,63.776134,1656.144836
STANISLAUS,Total,181.435413,184.276332,188.101519,188.342024,179.012475,174.822746,176.8234,178.598849,181.195608,176.860357,271.007842,258.243689,229.212716,285.422453,207.88033,220.28458,210.955394,200.540154,188.789797,184.558753,179.091166,187.284071,177.1668,159.012758,168.633779,160.900884,5098.453889
SUTTER,Non-Residential,8.071151,7.834352,7.769408,9.214616,6.811718,7.830951,8.126088,7.309898,7.024978,94.844915,6.399842,7.345508,12.635576,9.60008,50.713802,13.013266,19.554393,42.347015,15.802351,18.571904,16.171789,15.19771,10.841625,15.043184,14.563119,15.870842,448.510081
SUTTER,Residential,10.859474,10.922286,13.004258,12.863914,13.898588,13.111668,13.296967,13.433358,12.907188,13.330794,12.057341,12.630596,13.912555,7.219312,9.284207,13.096851,14.575415,14.028505,11.963846,12.135194,11.993519,13.234775,12.71579,11.373911,12.225404,11.862588,321.938304
SUTTER,Total,18.930624,18.756639,20.773666,22.07853,20.710306,20.942619,21.423055,20.743256,19.932166,108.175709,18.457183,19.976104,26.548131,16.819392,59.998009,26.110117,34.129808,56.37552,27.766197,30.707098,28.165308,28.432485,23.557415,26.417095,26.788523,27.73343,770.448385
TEHAMA,Non-Residential,7.264341,7.048758,7.163076,8.03442,7.675863,6.767506,7.636909,7.65358,7.546433,8.417073,10.645188,14.96407,20.406771,14.725855,15.662701,15.225087,14.657706,13.946921,15.077061,15.856709,13.754624,15.14036,14.521984,18.138655,15.452526,12.617137,316.001314
TEHAMA,Residential,3.497854,3.518027,4.242188,4.209466,4.460629,4.394143,4.2262,4.304555,4.060313,4.189185,4.095347,5.162795,5.07791,2.520772,3.226393,4.620068,5.166544,5.069867,4.318055,4.399507,4.33812,4.673522,4.807334,4.385794,4.529398,4.333928,111.827914
TEHAMA,Total,10.762195,10.566786,11.405263,12.243886,12.136492,11.161649,11.863109,11.958135,11.606746,12.606258,14.740535,20.126865,25.484681,17.246627,18.889094,19.845155,19.82425,19.016788,19.395116,20.256216,18.092744,19.813882,19.329318,22.524449,19.981924,16.951065,427.829228
TRINITY,Non-Residential,0.028152,0.029545,0.036584,0.037121,0.04125,0.041432,0.043961,0.039984,0.037544,0.040837,0.236994,0.264595,0.373074,0.216619,0.025226,0.085174,0.037524,0.037139,0.030842,0.030208,0.033494,0.035258,0.036192,0.031823,0.041347,0.047296,1.939215
TRINITY,Residential,0.017286,0.018321,0.02044,0.021088,0.022221,0.021449,0.020204,0.021156,0.024547,0.02503,0.024114,0.023773,0.994248,0.015959,0.018777,0.022776,0.025745,0.025399,0.021732,0.022076,0.02104,0.024921,0.025795,0.019976,0.020642,0.019198,1.537913
TRINITY,Total,0.045438,0.047866,0.057024,0.058209,0.063471,0.062881,0.064165,0.06114,0.062091,0.065867,0.261108,0.288368,1.367322,0.232578,0.044003,0.10795,0.063269,0.062538,0.052574,0.052284,0.054534,0.060179,0.061987,0.051799,0.061989,0.066494,3.477128
TULARE,Non-Residential,103.047867,106.787915,104.984871,99.495448,96.51251,94.946526,92.862726,90.874343,92.269693,89.978762,83.108763,72.328466,54.666945,82.866587,55.994957,61.908911,63.271014,53.253626,41.644331,38.955378,32.604101,38.828988,31.071939,22.213425,28.517109,33.777682,1766.772883
TULARE,Residential,46.593639,44.841958,53.165881,52.469113,56.915458,55.065397,55.224816,54.037778,53.507572,51.491358,49.744835,53.960495,50.808655,50.41855,48.991423,51.88433,56.909483,54.612367,47.458285,48.041038,48.199547,52.207848,49.285682,50.581368,50.704325,51.111276,1338.232477
TULARE,Total,149.641506,151.629873,158.150752,151.964561,153.427968,150.011923,148.087542,144.912121,145.777265,141.47012,132.853598,126.288961,105.4756,133.285137,104.98638,113.793241,120.180497,107.865993,89.102616,86.996416,80.803648,91.036836,80.357621,72.794793,79.221434,84.888958,3105.00536
VENTURA,Non-Residential,70.087648,68.000028,74.04548,71.169983,74.975827,78.02003,78.484143,82.222015,87.949723,85.852314,130.126152,202.64721,101.541614,222.689283,124.825052,160.268681,164.487022,140.28386,102.272867,120.524992,103.832668,105.123471,94.349283,76.427585,99.010857,102.217938,2821.435726
VENTURA,Residential,94.002203,93.507905,117.509318,113.995704,124.344856,122.784824,118.53565,120.231526,124.117403,121.700949,120.569498,128.935096,122.154859,126.785147,129.734773,128.859098,134.831231,133.800751,114.53208,114.526802,111.773151,121.068267,116.481696,120.350162,120.642701,117.45937,3113.23502
VENTURA,Total,164.089851,161.507933,191.554798,185.165687,199.320683,200.804854,197.019793,202.453541,212.067126,207.553263,250.69565,331.582306,223.696473,349.47443,254.559825,289.127779,299.318253,274.084611,216.804947,235.051794,215.605819,226.191738,210.830979,196.777747,219.653558,219.677308,5934.670746
YOLO,Non-Residential,32.342706,32.291605,32.78571,34.937047,34.756909,35.913924,35.496588,35.329787,34.06302,35.107266,66.202964,72.199563,36.047792,29.511477,31.10544,52.286792,64.849595,59.26942,54.398743,51.75377,57.302946,59.84547,51.118022,45.463115,53.156606,84.769239,1212.305516
YOLO,Residential,22.367782,21.963129,26.934808,26.265628,28.374275,27.227009,26.988585,26.843801,25.773896,25.908173,24.768135,25.691874,26.310037,15.487489,19.705814,26.348643,28.41842,27.448219,23.816918,23.472154,23.422822,26.615835,25.925053,24.046653,25.316856,24.784158,650.226166
YOLO,Total,54.710488,54.254734,59.720519,61.202675,63.131184,63.140933,62.485173,62.173588,59.836916,61.015439,90.971099,97.891437,62.357829,44.998966,50.811254,78.635435,93.268015,86.717639,78.215661,75.225924,80.725768,86.461305,77.043075,69.509768,78.473462,109.553397,1862.531683
YUBA,Non-Residential,3.695949,4.035062,3.620108,4.843596,4.805397,4.476061,5.413664,4.576492,4.233367,6.744656,4.104804,2.943374,13.793094,4.767071,4.718411,6.684741,5.771008,4.540451,5.934027,5.406206,4.847883,4.263199,3.972763,4.492038,5.816019,5.005812,133.505253
YUBA,Residential,6.322209,6.398862,7.65354,7.523781,8.08707,7.723028,7.732839,7.473039,7.291101,7.211058,6.942558,6.647128,7.46295,3.927539,4.972182,7.023205,7.715727,7.574457,6.676228,6.818581,6.707236,7.670673,7.555522,6.958327,7.496303,7.471457,183.0366
YUBA,Total,10.018158,10.433924,11.273648,12.367377,12.892467,12.199089,13.146503,12.049531,11.524468,13.955714,11.047362,9.590502,21.256044,8.69461,9.690593,13.707946,13.486735,12.114908,12.610255,12.224787,11.555119,11.933872,11.528285,11.450365,13.312322,12.477269,316.541853